,Year-Month,Borough,num_crimes,Total_prop_no,no_count,total_count,Good.job.local,Contact.ward.officer,Informed.local,Listen.to.concerns,Relied.on.to.be.there,Treat.everyone.fairly,Trust.MPS,Understand.issues
0,2016-04-01,Barking and Dagenham,5831,0.0001095290251916758,1.0,8.0,0.68,0.32,0.43,0.76,0.74,0.77,0.83,0.72
1,2016-04-01,Barnet,8569,0.0008762322015334064,8.0,21.0,0.67,0.36,0.41,0.74,0.77,0.84,0.87,0.67
2,2016-04-01,Bexley,4080,0.0003285870755750274,3.0,9.0,0.76,0.28,0.53,0.75,0.81,0.79,0.9,0.73
3,2016-04-01,Brent,9306,0.0004381161007667032,4.0,13.0,0.63,0.46,0.42,0.66,0.74,0.68,0.83,0.66
4,2016-04-01,Bromley,6483,0.0001095290251916758,1.0,5.0,0.7,0.29,0.5,0.75,0.77,0.8,0.88,0.7
5,2016-04-01,Camden,9422,0.0002190580503833516,2.0,13.0,0.7,0.42,0.4,0.82,0.82,0.75,0.84,0.84
6,2016-04-01,Croydon,9702,0.0001095290251916758,1.0,6.0,0.62,0.2,0.36,0.72,0.76,0.73,0.82,0.67
7,2016-04-01,Ealing,9850,0.0003285870755750274,3.0,11.0,0.63,0.42,0.44,0.67,0.74,0.69,0.86,0.68
8,2016-04-01,Enfield,7856,0.0001095290251916758,1.0,7.0,0.57,0.42,0.37,0.67,0.68,0.74,0.77,0.6
9,2016-04-01,Greenwich,7378,0.000547645125958379,5.0,8.0,0.65,0.41,0.46,0.79,0.78,0.8,0.86,0.76
10,2016-04-01,Hackney,9462,0.0001095290251916758,1.0,17.0,0.64,0.47,0.42,0.79,0.75,0.64,0.82,0.75
11,2016-04-01,Hammersmith and Fulham,6966,0.0004381161007667032,4.0,10.0,0.79,0.28,0.43,0.81,0.87,0.82,0.92,0.78
12,2016-04-01,Haringey,8760,0.000547645125958379,5.0,12.0,0.55,0.47,0.42,0.78,0.7,0.69,0.82,0.73
13,2016-04-01,Harrow,4584,0.0006571741511500548,6.0,9.0,0.57,0.44,0.43,0.6,0.69,0.77,0.86,0.59
14,2016-04-01,Havering,5657,0.0004381161007667032,4.0,7.0,0.72,0.26,0.4,0.73,0.78,0.81,0.92,0.73
15,2016-04-01,Hillingdon,8458,0.000547645125958379,5.0,16.0,0.6,0.47,0.49,0.59,0.68,0.68,0.84,0.59
16,2016-04-01,Hounslow,7353,0.0003285870755750274,3.0,13.0,0.63,0.39,0.41,0.65,0.76,0.77,0.87,0.64
17,2016-04-01,Islington,8580,0.0001095290251916758,1.0,13.0,0.71,0.39,0.43,0.82,0.81,0.79,0.88,0.83
18,2016-04-01,Kensington and Chelsea,5853,0.0,0.0,1.0,0.81,0.23,0.38,0.81,0.87,0.77,0.92,0.77
19,2016-04-01,Kingston upon Thames,3642,0.0004381161007667032,4.0,10.0,0.74,0.46,0.49,0.76,0.78,0.72,0.89,0.72
20,2016-04-01,Lambeth,11359,0.00032858707557502744,3.0,14.0,0.7,0.3,0.43,0.7,0.77,0.69,0.85,0.68
21,2016-04-01,Lewisham,7926,0.0003285870755750274,3.0,13.0,0.66,0.39,0.35,0.73,0.72,0.72,0.84,0.73
22,2016-04-01,Merton,4111,0.0003285870755750274,3.0,7.0,0.68,0.34,0.35,0.72,0.71,0.67,0.86,0.63
23,2016-04-01,Newham,9823,0.0004381161007667032,4.0,15.0,0.67,0.31,0.37,0.76,0.79,0.8,0.85,0.74
24,2016-04-01,Redbridge,6518,0.0004381161007667032,4.0,12.0,0.7,0.3,0.37,0.76,0.81,0.8,0.89,0.67
25,2016-04-01,Richmond upon Thames,3968,0.0002190580503833516,2.0,6.0,0.77,0.48,0.56,0.74,0.78,0.73,0.92,0.72
26,2016-04-01,Southwark,10189,0.0003285870755750274,3.0,9.0,0.7,0.31,0.4,0.81,0.84,0.71,0.89,0.8
27,2016-04-01,Sutton,3483,0.0004381161007667032,4.0,10.0,0.75,0.4,0.45,0.8,0.78,0.73,0.85,0.73
28,2016-04-01,Tower Hamlets,11231,0.00032858707557502744,3.0,14.0,0.67,0.38,0.44,0.77,0.77,0.76,0.87,0.74
29,2016-04-01,Waltham Forest,7169,0.000547645125958379,5.0,13.0,0.7,0.25,0.34,0.75,0.74,0.76,0.84,0.69
30,2016-04-01,Wandsworth,7437,0.0003285870755750274,3.0,10.0,0.7,0.29,0.38,0.68,0.76,0.68,0.88,0.67
31,2016-04-01,City of Westminster,15452,0.0004381161007667032,4.0,6.0,0.82,0.25,0.48,0.85,0.88,0.8,0.94,0.84
32,2016-07-01,Barking and Dagenham,5954,0.0002190580503833516,2.0,6.0,0.72,0.31,0.47,0.77,0.76,0.79,0.85,0.74
33,2016-07-01,Barnet,8808,0.000547645125958379,5.0,13.0,0.67,0.38,0.39,0.73,0.74,0.83,0.87,0.65
34,2016-07-01,Bexley,4647,0.0006571741511500548,6.0,12.0,0.74,0.29,0.5,0.77,0.81,0.83,0.9,0.74
35,2016-07-01,Brent,9686,0.0004381161007667032,4.0,13.0,0.62,0.5,0.4,0.66,0.71,0.67,0.85,0.62
36,2016-07-01,Bromley,6948,0.0002190580503833516,2.0,8.0,0.69,0.23,0.47,0.77,0.79,0.8,0.87,0.73
37,2016-07-01,Camden,10240,0.0002190580503833516,2.0,13.0,0.69,0.41,0.45,0.82,0.85,0.78,0.87,0.83
38,2016-07-01,Croydon,10718,0.0002190580503833516,2.0,7.0,0.62,0.19,0.37,0.74,0.78,0.76,0.81,0.7
39,2016-07-01,Ealing,10270,0.0003285870755750274,3.0,8.0,0.68,0.4,0.45,0.71,0.75,0.74,0.87,0.69
40,2016-07-01,Enfield,8080,0.0004381161007667032,4.0,9.0,0.56,0.41,0.38,0.64,0.68,0.73,0.78,0.6
41,2016-07-01,Greenwich,7912,0.0006571741511500548,6.0,11.0,0.7,0.41,0.5,0.84,0.81,0.85,0.87,0.79
42,2016-07-01,Hackney,10464,0.0003285870755750274,3.0,4.0,0.65,0.48,0.45,0.82,0.76,0.66,0.86,0.78
43,2016-07-01,Hammersmith and Fulham,7008,0.0001095290251916758,1.0,7.0,0.84,0.27,0.34,0.79,0.85,0.81,0.93,0.78
44,2016-07-01,Haringey,9638,0.0004381161007667032,4.0,13.0,0.59,0.43,0.48,0.79,0.73,0.71,0.85,0.77
45,2016-07-01,Harrow,4843,0.0004381161007667032,4.0,10.0,0.56,0.45,0.39,0.54,0.67,0.73,0.85,0.55
46,2016-07-01,Havering,5742,0.0004381161007667032,4.0,7.0,0.72,0.32,0.44,0.71,0.77,0.82,0.91,0.73
47,2016-07-01,Hillingdon,8991,0.0002190580503833516,2.0,11.0,0.58,0.49,0.45,0.6,0.66,0.68,0.85,0.56
48,2016-07-01,Hounslow,7953,0.0001095290251916758,1.0,7.0,0.64,0.39,0.43,0.65,0.76,0.77,0.9,0.66
49,2016-07-01,Islington,9004,0.0007667031763417306,7.0,16.0,0.72,0.41,0.44,0.8,0.81,0.76,0.86,0.84
50,2016-07-01,Kensington and Chelsea,7292,0.0001095290251916758,1.0,8.0,0.82,0.2,0.37,0.82,0.88,0.79,0.92,0.81
51,2016-07-01,Kingston upon Thames,3650,0.0004381161007667032,4.0,8.0,0.78,0.45,0.53,0.75,0.78,0.72,0.9,0.71
52,2016-07-01,Lambeth,12427,0.0001095290251916758,1.0,5.0,0.71,0.28,0.42,0.76,0.78,0.73,0.89,0.72
53,2016-07-01,Lewisham,8417,0.0003285870755750274,3.0,12.0,0.67,0.36,0.38,0.73,0.73,0.7,0.86,0.74
54,2016-07-01,Merton,4536,0.0003285870755750274,3.0,13.0,0.68,0.37,0.36,0.74,0.7,0.7,0.87,0.63
55,2016-07-01,Newham,10556,0.000547645125958379,5.0,9.0,0.69,0.34,0.47,0.74,0.8,0.78,0.86,0.71
56,2016-07-01,Redbridge,7076,0.0006571741511500548,6.0,12.0,0.71,0.31,0.38,0.77,0.79,0.8,0.89,0.66
57,2016-07-01,Richmond upon Thames,4161,0.0001095290251916758,1.0,7.0,0.79,0.43,0.56,0.79,0.82,0.74,0.92,0.76
58,2016-07-01,Southwark,10722,0.0004381161007667032,4.0,8.0,0.72,0.31,0.38,0.81,0.85,0.75,0.87,0.81
59,2016-07-01,Sutton,3450,0.0002190580503833516,2.0,10.0,0.76,0.4,0.4,0.8,0.79,0.74,0.87,0.72
60,2016-07-01,Tower Hamlets,12895,0.0001095290251916758,1.0,12.0,0.7,0.34,0.42,0.78,0.8,0.77,0.86,0.76
61,2016-07-01,Waltham Forest,7512,0.0001095290251916758,1.0,9.0,0.71,0.3,0.32,0.71,0.74,0.74,0.82,0.66
62,2016-07-01,Wandsworth,8305,0.0003285870755750274,3.0,10.0,0.73,0.25,0.34,0.72,0.78,0.7,0.88,0.69
63,2016-07-01,City of Westminster,17115,0.0001095290251916758,1.0,2.0,0.79,0.22,0.48,0.83,0.87,0.8,0.94,0.82
64,2016-10-01,Barking and Dagenham,5238,0.0002190580503833516,2.0,10.0,0.77,0.29,0.46,0.76,0.79,0.79,0.86,0.76
65,2016-10-01,Barnet,8232,0.0007667031763417306,7.0,14.0,0.66,0.42,0.39,0.72,0.73,0.86,0.86,0.66
66,2016-10-01,Bexley,4625,0.0001095290251916758,1.0,11.0,0.73,0.33,0.5,0.8,0.81,0.83,0.91,0.77
67,2016-10-01,Brent,9417,0.0001095290251916758,1.0,7.0,0.62,0.5,0.36,0.68,0.71,0.68,0.88,0.64
68,2016-10-01,Bromley,6892,0.0,0.0,2.0,0.69,0.25,0.52,0.8,0.78,0.84,0.89,0.78
69,2016-10-01,Camden,10155,0.0004381161007667032,4.0,20.0,0.72,0.47,0.45,0.85,0.87,0.8,0.89,0.86
70,2016-10-01,Croydon,9305,0.0,0.0,5.0,0.59,0.22,0.38,0.75,0.76,0.75,0.81,0.72
71,2016-10-01,Ealing,9188,0.000547645125958379,5.0,10.0,0.66,0.4,0.44,0.7,0.75,0.71,0.88,0.68
72,2016-10-01,Enfield,7809,0.00032858707557502744,3.0,9.0,0.58,0.38,0.34,0.63,0.71,0.71,0.81,0.6
73,2016-10-01,Greenwich,7358,0.0002190580503833516,2.0,7.0,0.71,0.41,0.54,0.86,0.83,0.85,0.89,0.8
74,2016-10-01,Hackney,9444,0.0004381161007667032,4.0,14.0,0.68,0.48,0.46,0.84,0.81,0.76,0.85,0.83
75,2016-10-01,Hammersmith and Fulham,6571,0.0001095290251916758,1.0,9.0,0.82,0.23,0.28,0.79,0.86,0.8,0.94,0.79
76,2016-10-01,Haringey,9005,0.0002190580503833516,2.0,17.0,0.6,0.43,0.48,0.8,0.79,0.75,0.86,0.79
77,2016-10-01,Harrow,4553,0.0002190580503833516,2.0,8.0,0.63,0.47,0.39,0.57,0.68,0.74,0.85,0.56
78,2016-10-01,Havering,5418,0.0,0.0,3.0,0.73,0.39,0.47,0.76,0.8,0.84,0.91,0.73
79,2016-10-01,Hillingdon,8752,0.0002190580503833516,2.0,7.0,0.56,0.47,0.42,0.59,0.68,0.67,0.84,0.54
80,2016-10-01,Hounslow,7625,0.0003285870755750274,3.0,13.0,0.65,0.4,0.46,0.67,0.75,0.79,0.91,0.66
81,2016-10-01,Islington,8787,0.0,0.0,5.0,0.68,0.43,0.43,0.8,0.79,0.78,0.84,0.81
82,2016-10-01,Kensington and Chelsea,6012,0.0002190580503833516,2.0,5.0,0.8,0.21,0.38,0.85,0.88,0.83,0.92,0.83
83,2016-10-01,Kingston upon Thames,3556,0.0002190580503833516,2.0,10.0,0.77,0.44,0.54,0.77,0.8,0.74,0.9,0.73
84,2016-10-01,Lambeth,11137,0.0003285870755750274,3.0,10.0,0.69,0.27,0.39,0.78,0.78,0.75,0.88,0.74
85,2016-10-01,Lewisham,7612,0.0003285870755750274,3.0,6.0,0.68,0.38,0.43,0.77,0.77,0.72,0.88,0.78
86,2016-10-01,Merton,4105,0.0002190580503833516,2.0,5.0,0.66,0.35,0.35,0.73,0.69,0.73,0.87,0.62
87,2016-10-01,Newham,10661,0.0001095290251916758,1.0,3.0,0.75,0.29,0.51,0.77,0.82,0.78,0.88,0.77
88,2016-10-01,Redbridge,6492,0.0001095290251916758,1.0,14.0,0.7,0.36,0.39,0.72,0.78,0.79,0.9,0.66
89,2016-10-01,Richmond upon Thames,3606,0.0003285870755750274,3.0,7.0,0.79,0.43,0.58,0.81,0.84,0.74,0.93,0.78
90,2016-10-01,Southwark,10110,0.0001095290251916758,1.0,4.0,0.74,0.32,0.37,0.8,0.84,0.74,0.86,0.79
91,2016-10-01,Sutton,3490,0.0003285870755750274,3.0,13.0,0.7,0.4,0.4,0.79,0.78,0.77,0.86,0.71
92,2016-10-01,Tower Hamlets,11208,0.0002190580503833516,2.0,10.0,0.72,0.35,0.44,0.83,0.84,0.83,0.87,0.82
93,2016-10-01,Waltham Forest,7052,0.0004381161007667032,4.0,12.0,0.72,0.36,0.31,0.69,0.73,0.76,0.85,0.66
94,2016-10-01,Wandsworth,7556,0.0008762322015334064,8.0,15.0,0.73,0.21,0.32,0.72,0.8,0.71,0.87,0.71
95,2016-10-01,City of Westminster,17367,0.0001095290251916758,1.0,4.0,0.79,0.2,0.46,0.82,0.87,0.82,0.93,0.81
96,2017-01-01,Barking and Dagenham,5476,0.0001095290251916758,1.0,3.0,0.76,0.29,0.43,0.78,0.81,0.82,0.88,0.77
97,2017-01-01,Barnet,7958,0.0,0.0,2.0,0.66,0.41,0.37,0.71,0.73,0.85,0.88,0.65
98,2017-01-01,Bexley,4521,0.0,0.0,1.0,0.74,0.34,0.5,0.82,0.81,0.85,0.91,0.79
99,2017-01-01,Brent,8703,0.0004381161007667032,4.0,4.0,0.63,0.45,0.33,0.65,0.68,0.69,0.87,0.61
100,2017-01-01,Bromley,6952,0.0001095290251916758,1.0,3.0,0.71,0.22,0.52,0.8,0.78,0.83,0.91,0.78
101,2017-01-01,Camden,10018,0.0,0.0,4.0,0.68,0.49,0.48,0.83,0.86,0.77,0.88,0.84
102,2017-01-01,Croydon,9076,0.0,0.0,4.0,0.64,0.21,0.38,0.78,0.75,0.77,0.83,0.72
103,2017-01-01,Ealing,8726,0.0,0.0,3.0,0.65,0.42,0.47,0.74,0.77,0.76,0.9,0.71
104,2017-01-01,Enfield,7336,0.0001095290251916758,1.0,1.0,0.57,0.41,0.35,0.63,0.72,0.72,0.83,0.63
105,2017-01-01,Greenwich,7474,0.0,0.0,0.0,0.76,0.41,0.54,0.86,0.85,0.87,0.93,0.84
106,2017-01-01,Hackney,9697,0.0,0.0,2.0,0.69,0.49,0.44,0.8,0.83,0.79,0.86,0.81
107,2017-01-01,Hammersmith and Fulham,6202,0.0001095290251916758,1.0,4.0,0.8,0.23,0.29,0.77,0.85,0.78,0.92,0.78
108,2017-01-01,Haringey,8415,0.0001095290251916758,1.0,3.0,0.66,0.47,0.49,0.8,0.8,0.77,0.88,0.8
109,2017-01-01,Harrow,4351,0.0002190580503833516,2.0,6.0,0.63,0.5,0.38,0.6,0.67,0.75,0.85,0.57
110,2017-01-01,Havering,5547,0.0001095290251916758,1.0,2.0,0.7,0.43,0.5,0.76,0.79,0.82,0.89,0.75
111,2017-01-01,Hillingdon,8545,0.0002190580503833516,2.0,3.0,0.57,0.47,0.39,0.58,0.67,0.68,0.84,0.55
112,2017-01-01,Hounslow,7246,0.0,0.0,2.0,0.67,0.38,0.49,0.67,0.76,0.78,0.91,0.65
113,2017-01-01,Islington,9108,0.0001095290251916758,1.0,4.0,0.68,0.39,0.41,0.81,0.8,0.79,0.85,0.82
114,2017-01-01,Kensington and Chelsea,5611,0.0,0.0,0.0,0.78,0.22,0.45,0.87,0.86,0.85,0.92,0.86
115,2017-01-01,Kingston upon Thames,3440,0.0001095290251916758,1.0,2.0,0.77,0.41,0.54,0.78,0.8,0.76,0.91,0.74
116,2017-01-01,Lambeth,10086,0.0001095290251916758,1.0,2.0,0.72,0.29,0.4,0.81,0.8,0.76,0.88,0.8
117,2017-01-01,Lewisham,7405,0.0001095290251916758,1.0,5.0,0.67,0.31,0.42,0.75,0.79,0.72,0.87,0.76
118,2017-01-01,Merton,4027,0.0001095290251916758,1.0,4.0,0.64,0.32,0.43,0.74,0.73,0.76,0.88,0.68
119,2017-01-01,Newham,9812,0.0001095290251916758,1.0,3.0,0.73,0.3,0.55,0.77,0.83,0.77,0.87,0.76
120,2017-01-01,Redbridge,6798,0.0001095290251916758,1.0,3.0,0.72,0.36,0.42,0.78,0.79,0.81,0.92,0.72
121,2017-01-01,Richmond upon Thames,3719,0.00032858707557502744,3.0,4.0,0.73,0.39,0.53,0.78,0.81,0.77,0.92,0.77
122,2017-01-01,Southwark,9632,0.0001095290251916758,1.0,5.0,0.7,0.35,0.42,0.78,0.83,0.74,0.84,0.77
123,2017-01-01,Sutton,3526,0.0,0.0,4.0,0.68,0.38,0.4,0.78,0.78,0.77,0.86,0.72
124,2017-01-01,Tower Hamlets,10312,0.0001095290251916758,1.0,1.0,0.69,0.33,0.44,0.83,0.82,0.82,0.87,0.82
125,2017-01-01,Waltham Forest,6996,0.0001095290251916758,1.0,1.0,0.7,0.38,0.31,0.74,0.74,0.77,0.87,0.68
126,2017-01-01,Wandsworth,6873,0.0001095290251916758,1.0,2.0,0.74,0.17,0.33,0.74,0.83,0.76,0.89,0.76
127,2017-01-01,City of Westminster,16012,0.0001095290251916758,1.0,3.0,0.78,0.15,0.41,0.85,0.88,0.84,0.93,0.85
128,2017-04-01,Barking and Dagenham,6068,0.0001095290251916758,1.0,8.0,0.74,0.33,0.46,0.8,0.83,0.84,0.89,0.79
129,2017-04-01,Barnet,8436,0.0004381161007667032,4.0,12.0,0.69,0.38,0.37,0.74,0.8,0.85,0.89,0.69
130,2017-04-01,Bexley,4590,0.0003285870755750274,3.0,6.0,0.72,0.36,0.49,0.85,0.82,0.88,0.92,0.83
131,2017-04-01,Brent,9682,0.0004381161007667032,4.0,5.0,0.61,0.45,0.29,0.6,0.67,0.67,0.86,0.57
132,2017-04-01,Bromley,7137,0.0003285870755750274,3.0,8.0,0.69,0.23,0.51,0.79,0.77,0.81,0.89,0.76
133,2017-04-01,Camden,11822,0.0,0.0,4.0,0.69,0.48,0.46,0.81,0.86,0.76,0.88,0.81
134,2017-04-01,Croydon,9487,0.0004381161007667032,4.0,11.0,0.59,0.25,0.38,0.77,0.73,0.73,0.83,0.7
135,2017-04-01,Ealing,9348,0.00032858707557502744,3.0,10.0,0.67,0.38,0.44,0.74,0.78,0.78,0.91,0.72
136,2017-04-01,Enfield,8231,0.0002190580503833516,2.0,7.0,0.58,0.45,0.34,0.62,0.7,0.69,0.83,0.6
137,2017-04-01,Greenwich,7735,0.000547645125958379,5.0,13.0,0.79,0.37,0.51,0.88,0.86,0.89,0.94,0.85
138,2017-04-01,Hackney,10314,0.0003285870755750274,3.0,15.0,0.68,0.45,0.48,0.81,0.84,0.8,0.86,0.81
139,2017-04-01,Hammersmith and Fulham,6675,0.0,0.0,7.0,0.78,0.25,0.38,0.78,0.83,0.8,0.91,0.79
140,2017-04-01,Haringey,9289,0.000547645125958379,5.0,12.0,0.63,0.52,0.48,0.76,0.78,0.78,0.88,0.75
141,2017-04-01,Harrow,4648,0.0001095290251916758,1.0,8.0,0.63,0.49,0.36,0.6,0.71,0.76,0.88,0.57
142,2017-04-01,Havering,5941,0.000547645125958379,5.0,12.0,0.73,0.46,0.5,0.79,0.81,0.87,0.91,0.77
143,2017-04-01,Hillingdon,8876,0.0006571741511500548,6.0,10.0,0.59,0.48,0.42,0.64,0.71,0.75,0.87,0.62
144,2017-04-01,Hounslow,7811,0.0002190580503833516,2.0,6.0,0.7,0.36,0.51,0.7,0.78,0.76,0.9,0.67
145,2017-04-01,Islington,10034,0.0001095290251916758,1.0,12.0,0.65,0.43,0.44,0.8,0.81,0.77,0.84,0.8
146,2017-04-01,Kensington and Chelsea,6326,0.0002190580503833516,2.0,7.0,0.78,0.23,0.49,0.9,0.87,0.86,0.93,0.88
147,2017-04-01,Kingston upon Thames,3526,0.0007667031763417306,7.0,14.0,0.8,0.37,0.54,0.78,0.8,0.76,0.91,0.74
148,2017-04-01,Lambeth,10899,0.0003285870755750274,3.0,5.0,0.67,0.31,0.49,0.8,0.79,0.76,0.89,0.8
149,2017-04-01,Lewisham,7854,0.0,0.0,7.0,0.66,0.3,0.42,0.76,0.8,0.74,0.86,0.75
150,2017-04-01,Merton,4331,0.0001095290251916758,1.0,8.0,0.62,0.29,0.44,0.74,0.74,0.77,0.87,0.69
151,2017-04-01,Newham,10360,0.0001095290251916758,1.0,5.0,0.72,0.34,0.52,0.79,0.83,0.77,0.87,0.77
152,2017-04-01,Redbridge,7452,0.0001095290251916758,1.0,9.0,0.71,0.36,0.45,0.77,0.79,0.82,0.91,0.75
153,2017-04-01,Richmond upon Thames,4332,0.0002190580503833516,2.0,7.0,0.75,0.35,0.5,0.77,0.83,0.79,0.9,0.77
154,2017-04-01,Southwark,10084,0.0004381161007667032,4.0,9.0,0.75,0.33,0.39,0.79,0.84,0.78,0.84,0.8
155,2017-04-01,Sutton,3979,0.000547645125958379,5.0,7.0,0.68,0.35,0.46,0.79,0.79,0.8,0.88,0.74
156,2017-04-01,Tower Hamlets,11230,0.0001095290251916758,1.0,3.0,0.7,0.33,0.47,0.84,0.83,0.85,0.86,0.83
157,2017-04-01,Waltham Forest,7464,0.0006571741511500548,6.0,14.0,0.69,0.41,0.32,0.71,0.76,0.76,0.87,0.68
158,2017-04-01,Wandsworth,7721,0.000547645125958379,5.0,9.0,0.76,0.18,0.36,0.76,0.82,0.78,0.89,0.77
159,2017-04-01,City of Westminster,17221,0.0001095290251916758,1.0,9.0,0.79,0.15,0.45,0.84,0.88,0.81,0.91,0.83
160,2017-07-01,Barking and Dagenham,6227,0.0,0.0,7.0,0.68,0.28,0.43,0.82,0.85,0.86,0.91,0.79
161,2017-07-01,Barnet,8731,0.0003285870755750274,3.0,10.0,0.7,0.34,0.37,0.77,0.83,0.86,0.89,0.73
162,2017-07-01,Bexley,5025,0.0003285870755750274,3.0,9.0,0.68,0.36,0.56,0.84,0.81,0.87,0.93,0.84
163,2017-07-01,Brent,9811,0.0007667031763417306,7.0,11.0,0.64,0.45,0.35,0.61,0.64,0.67,0.86,0.58
164,2017-07-01,Bromley,7144,0.0002190580503833516,2.0,12.0,0.67,0.26,0.51,0.78,0.76,0.83,0.91,0.76
165,2017-07-01,Camden,12522,0.000547645125958379,5.0,11.0,0.66,0.43,0.46,0.81,0.84,0.74,0.88,0.82
166,2017-07-01,Croydon,9868,0.0003285870755750274,3.0,8.0,0.59,0.26,0.41,0.75,0.72,0.73,0.83,0.7
167,2017-07-01,Ealing,9648,0.0002190580503833516,2.0,7.0,0.66,0.37,0.5,0.72,0.72,0.73,0.89,0.73
168,2017-07-01,Enfield,8421,0.000547645125958379,5.0,16.0,0.62,0.42,0.37,0.62,0.67,0.68,0.82,0.62
169,2017-07-01,Greenwich,8123,0.0,0.0,3.0,0.74,0.28,0.41,0.84,0.8,0.82,0.92,0.75
170,2017-07-01,Hackney,10223,0.0004381161007667032,4.0,9.0,0.65,0.34,0.43,0.78,0.83,0.74,0.81,0.72
171,2017-07-01,Hammersmith and Fulham,7063,0.0002190580503833516,2.0,8.0,0.77,0.23,0.46,0.82,0.85,0.83,0.91,0.83
172,2017-07-01,Haringey,10119,0.0007667031763417306,7.0,13.0,0.6,0.5,0.41,0.71,0.74,0.72,0.84,0.68
173,2017-07-01,Harrow,4727,0.000547645125958379,5.0,13.0,0.67,0.43,0.32,0.66,0.76,0.8,0.88,0.62
174,2017-07-01,Havering,5834,0.0001095290251916758,1.0,7.0,0.73,0.4,0.5,0.81,0.8,0.87,0.91,0.78
175,2017-07-01,Hillingdon,9087,0.0003285870755750274,3.0,9.0,0.65,0.5,0.49,0.64,0.7,0.73,0.86,0.61
176,2017-07-01,Hounslow,8257,0.0003285870755750274,3.0,10.0,0.78,0.33,0.57,0.7,0.75,0.77,0.9,0.68
177,2017-07-01,Islington,10555,0.0002190580503833516,2.0,5.0,0.62,0.38,0.41,0.78,0.78,0.75,0.85,0.75
178,2017-07-01,Kensington and Chelsea,7341,0.0001095290251916758,1.0,6.0,0.77,0.22,0.54,0.9,0.85,0.86,0.92,0.88
179,2017-07-01,Kingston upon Thames,3683,0.000547645125958379,5.0,17.0,0.77,0.31,0.54,0.76,0.79,0.81,0.92,0.75
180,2017-07-01,Lambeth,11995,0.0004381161007667032,4.0,13.0,0.67,0.26,0.52,0.81,0.8,0.79,0.88,0.8
181,2017-07-01,Lewisham,8288,0.0004381161007667032,4.0,10.0,0.66,0.27,0.43,0.78,0.78,0.74,0.85,0.73
182,2017-07-01,Merton,4442,0.0004381161007667032,4.0,14.0,0.66,0.22,0.48,0.75,0.79,0.78,0.89,0.73
183,2017-07-01,Newham,10954,0.0002190580503833516,2.0,8.0,0.7,0.27,0.39,0.84,0.85,0.82,0.89,0.83
184,2017-07-01,Redbridge,7840,0.0003285870755750274,3.0,10.0,0.68,0.32,0.45,0.78,0.78,0.84,0.91,0.78
185,2017-07-01,Richmond upon Thames,4454,0.0004381161007667032,4.0,16.0,0.78,0.29,0.46,0.74,0.81,0.8,0.88,0.74
186,2017-07-01,Southwark,11016,0.0003285870755750274,3.0,11.0,0.75,0.28,0.41,0.77,0.81,0.75,0.83,0.77
187,2017-07-01,Sutton,3728,0.0002190580503833516,2.0,6.0,0.66,0.32,0.47,0.76,0.75,0.77,0.87,0.72
188,2017-07-01,Tower Hamlets,11644,0.0003285870755750274,3.0,7.0,0.68,0.28,0.42,0.82,0.81,0.84,0.89,0.8
189,2017-07-01,Waltham Forest,7410,0.0004381161007667032,4.0,10.0,0.66,0.33,0.29,0.69,0.75,0.75,0.89,0.64
190,2017-07-01,Wandsworth,7918,0.0,0.0,6.0,0.73,0.17,0.37,0.77,0.82,0.79,0.9,0.78
191,2017-07-01,City of Westminster,18266,0.0001095290251916758,1.0,3.0,0.83,0.13,0.37,0.85,0.87,0.85,0.91,0.84
192,2017-10-01,Barking and Dagenham,5621,0.0003285870755750274,3.0,15.0,0.65,0.24,0.44,0.85,0.86,0.88,0.9,0.79
193,2017-10-01,Barnet,8438,0.0,0.0,8.0,0.7,0.27,0.41,0.73,0.83,0.82,0.89,0.72
194,2017-10-01,Bexley,4935,0.0001095290251916758,1.0,3.0,0.67,0.33,0.53,0.8,0.8,0.85,0.91,0.8
195,2017-10-01,Brent,9737,0.0004381161007667032,4.0,8.0,0.65,0.41,0.43,0.59,0.61,0.66,0.79,0.57
196,2017-10-01,Bromley,6802,0.00032858707557502744,3.0,9.0,0.67,0.25,0.47,0.76,0.72,0.79,0.86,0.69
197,2017-10-01,Camden,11831,0.0003285870755750274,3.0,10.0,0.63,0.35,0.45,0.78,0.83,0.69,0.87,0.75
198,2017-10-01,Croydon,9228,0.0002190580503833516,2.0,15.0,0.63,0.25,0.44,0.74,0.73,0.74,0.85,0.72
199,2017-10-01,Ealing,9554,0.0,0.0,8.0,0.69,0.28,0.52,0.75,0.74,0.77,0.86,0.76
200,2017-10-01,Enfield,8415,0.000547645125958379,5.0,14.0,0.6,0.38,0.44,0.62,0.67,0.7,0.83,0.62
201,2017-10-01,Greenwich,7665,0.0002190580503833516,2.0,14.0,0.73,0.2,0.32,0.83,0.79,0.82,0.9,0.76
202,2017-10-01,Hackney,9464,0.0001095290251916758,1.0,8.0,0.55,0.27,0.36,0.73,0.77,0.65,0.8,0.63
203,2017-10-01,Hammersmith and Fulham,7090,0.0002190580503833516,2.0,5.0,0.77,0.19,0.52,0.81,0.84,0.85,0.89,0.83
204,2017-10-01,Haringey,9406,0.0003285870755750274,3.0,14.0,0.61,0.44,0.44,0.71,0.72,0.68,0.81,0.65
205,2017-10-01,Harrow,4382,0.0002190580503833516,2.0,5.0,0.61,0.34,0.31,0.67,0.76,0.78,0.86,0.61
206,2017-10-01,Havering,5777,0.0004381161007667032,4.0,8.0,0.7,0.32,0.47,0.8,0.76,0.87,0.89,0.73
207,2017-10-01,Hillingdon,9268,0.0002190580503833516,2.0,6.0,0.7,0.47,0.58,0.66,0.68,0.73,0.86,0.64
208,2017-10-01,Hounslow,7968,0.0002190580503833516,2.0,9.0,0.77,0.29,0.59,0.69,0.75,0.78,0.88,0.7
209,2017-10-01,Islington,9493,0.00032858707557502744,3.0,17.0,0.62,0.29,0.38,0.79,0.82,0.72,0.87,0.73
210,2017-10-01,Kensington and Chelsea,6286,0.0002190580503833516,2.0,6.0,0.77,0.18,0.57,0.88,0.85,0.85,0.92,0.87
211,2017-10-01,Kingston upon Thames,3723,0.0006571741511500549,6.0,11.0,0.79,0.22,0.5,0.72,0.78,0.81,0.91,0.72
212,2017-10-01,Lambeth,10777,0.0003285870755750274,3.0,4.0,0.66,0.21,0.51,0.81,0.8,0.77,0.88,0.77
213,2017-10-01,Lewisham,7569,0.0004381161007667032,4.0,11.0,0.66,0.23,0.39,0.76,0.77,0.71,0.85,0.7
214,2017-10-01,Merton,4261,0.0014238773274917855,13.0,16.0,0.7,0.18,0.54,0.76,0.8,0.78,0.89,0.71
215,2017-10-01,Newham,10637,0.0002190580503833516,2.0,3.0,0.7,0.24,0.4,0.85,0.84,0.82,0.88,0.82
216,2017-10-01,Redbridge,7412,0.0002190580503833516,2.0,10.0,0.71,0.26,0.49,0.79,0.76,0.86,0.9,0.79
217,2017-10-01,Richmond upon Thames,4015,0.0012048192771084338,11.0,22.0,0.76,0.19,0.43,0.73,0.81,0.81,0.89,0.74
218,2017-10-01,Southwark,10679,0.00032858707557502744,3.0,13.0,0.74,0.23,0.39,0.78,0.79,0.76,0.84,0.77
219,2017-10-01,Sutton,3618,0.000547645125958379,5.0,8.0,0.72,0.25,0.49,0.76,0.76,0.77,0.89,0.75
220,2017-10-01,Tower Hamlets,10412,0.0002190580503833516,2.0,10.0,0.65,0.19,0.4,0.79,0.79,0.81,0.88,0.76
221,2017-10-01,Waltham Forest,7232,0.0007667031763417306,7.0,9.0,0.62,0.27,0.29,0.65,0.74,0.75,0.86,0.61
222,2017-10-01,Wandsworth,7978,0.0001095290251916758,1.0,6.0,0.74,0.15,0.38,0.79,0.83,0.82,0.92,0.8
223,2017-10-01,City of Westminster,17897,0.0004381161007667032,4.0,9.0,0.8,0.11,0.39,0.86,0.85,0.86,0.92,0.86
224,2018-01-01,Barking and Dagenham,5344,0.0002190580503833516,2.0,10.0,0.6,0.21,0.45,0.79,0.8,0.86,0.89,0.73
225,2018-01-01,Barnet,8042,0.0001095290251916758,1.0,11.0,0.72,0.24,0.45,0.71,0.79,0.8,0.85,0.71
226,2018-01-01,Bexley,4437,0.000547645125958379,5.0,9.0,0.68,0.28,0.58,0.8,0.81,0.86,0.91,0.79
227,2018-01-01,Brent,8893,0.0002190580503833516,2.0,6.0,0.67,0.36,0.46,0.62,0.64,0.67,0.8,0.61
228,2018-01-01,Bromley,6658,0.0003285870755750274,3.0,6.0,0.67,0.24,0.45,0.73,0.69,0.79,0.87,0.67
229,2018-01-01,Camden,10776,0.0002190580503833516,2.0,11.0,0.6,0.27,0.43,0.78,0.81,0.69,0.88,0.74
230,2018-01-01,Croydon,8993,0.0001095290251916758,1.0,6.0,0.61,0.25,0.51,0.72,0.71,0.71,0.84,0.68
231,2018-01-01,Ealing,8506,0.00032858707557502744,3.0,8.0,0.74,0.24,0.57,0.73,0.72,0.76,0.86,0.75
232,2018-01-01,Enfield,8123,0.0001095290251916758,1.0,9.0,0.58,0.31,0.45,0.57,0.64,0.65,0.8,0.58
233,2018-01-01,Greenwich,6822,0.0003285870755750274,3.0,14.0,0.69,0.14,0.36,0.78,0.75,0.79,0.89,0.7
234,2018-01-01,Hackney,8361,0.0004381161007667032,4.0,14.0,0.55,0.18,0.35,0.71,0.78,0.6,0.78,0.6
235,2018-01-01,Hammersmith and Fulham,6310,0.0,0.0,7.0,0.79,0.14,0.52,0.82,0.83,0.85,0.9,0.85
236,2018-01-01,Haringey,8691,0.0002190580503833516,2.0,11.0,0.55,0.39,0.43,0.62,0.67,0.62,0.78,0.58
237,2018-01-01,Harrow,4362,0.0002190580503833516,2.0,6.0,0.6,0.24,0.3,0.64,0.73,0.76,0.83,0.57
238,2018-01-01,Havering,5389,0.0,0.0,11.0,0.7,0.23,0.44,0.76,0.71,0.86,0.89,0.66
239,2018-01-01,Hillingdon,8595,0.0001095290251916758,1.0,8.0,0.68,0.41,0.59,0.68,0.68,0.73,0.87,0.62
240,2018-01-01,Hounslow,7473,0.0007667031763417306,7.0,13.0,0.76,0.24,0.64,0.69,0.73,0.8,0.87,0.67
241,2018-01-01,Islington,8067,0.0003285870755750274,3.0,9.0,0.59,0.23,0.35,0.78,0.8,0.7,0.87,0.71
242,2018-01-01,Kensington and Chelsea,6050,0.0001095290251916758,1.0,8.0,0.8,0.12,0.54,0.86,0.88,0.84,0.93,0.85
243,2018-01-01,Kingston upon Thames,3446,0.000547645125958379,5.0,11.0,0.78,0.19,0.5,0.7,0.74,0.78,0.89,0.68
244,2018-01-01,Lambeth,10065,0.0003285870755750274,3.0,13.0,0.66,0.18,0.5,0.81,0.8,0.77,0.9,0.77
245,2018-01-01,Lewisham,7365,0.0003285870755750274,3.0,12.0,0.67,0.22,0.42,0.76,0.77,0.71,0.86,0.71
246,2018-01-01,Merton,3981,0.0006571741511500548,6.0,11.0,0.76,0.13,0.5,0.74,0.83,0.8,0.9,0.71
247,2018-01-01,Newham,9915,0.0002190580503833516,2.0,11.0,0.72,0.16,0.33,0.84,0.84,0.84,0.88,0.81
248,2018-01-01,Redbridge,7025,0.0006571741511500549,6.0,15.0,0.67,0.23,0.5,0.75,0.71,0.83,0.87,0.74
249,2018-01-01,Richmond upon Thames,3611,0.0006571741511500548,6.0,12.0,0.81,0.13,0.43,0.72,0.81,0.8,0.9,0.72
250,2018-01-01,Southwark,9562,0.0001095290251916758,1.0,4.0,0.76,0.16,0.37,0.81,0.81,0.78,0.86,0.8
251,2018-01-01,Sutton,3468,0.0001095290251916758,1.0,8.0,0.75,0.18,0.49,0.75,0.77,0.78,0.9,0.75
252,2018-01-01,Tower Hamlets,10123,0.0002190580503833516,2.0,11.0,0.63,0.16,0.41,0.77,0.79,0.81,0.88,0.75
253,2018-01-01,Waltham Forest,6932,0.000547645125958379,5.0,16.0,0.57,0.22,0.28,0.56,0.7,0.73,0.82,0.59
254,2018-01-01,Wandsworth,7312,0.0001095290251916758,1.0,6.0,0.76,0.13,0.39,0.81,0.84,0.82,0.93,0.8
255,2018-01-01,City of Westminster,16740,0.0002190580503833516,2.0,6.0,0.75,0.1,0.37,0.82,0.82,0.84,0.9,0.81
256,2018-04-01,Barking and Dagenham,5647,0.0002190580503833516,2.0,7.0,0.59,0.13,0.39,0.75,0.77,0.84,0.86,0.68
257,2018-04-01,Barnet,8738,0.0003285870755750274,3.0,7.0,0.68,0.19,0.53,0.72,0.75,0.79,0.85,0.71
258,2018-04-01,Bexley,4840,0.0002190580503833516,2.0,8.0,0.71,0.22,0.54,0.81,0.78,0.85,0.9,0.79
259,2018-04-01,Brent,9791,0.0004381161007667032,4.0,7.0,0.68,0.26,0.48,0.67,0.68,0.72,0.82,0.65
260,2018-04-01,Bromley,7186,0.0002190580503833516,2.0,8.0,0.72,0.23,0.44,0.72,0.67,0.77,0.87,0.68
261,2018-04-01,Camden,11049,0.0002190580503833516,2.0,9.0,0.57,0.19,0.44,0.77,0.81,0.69,0.89,0.73
262,2018-04-01,Croydon,9414,0.0004381161007667032,4.0,13.0,0.59,0.21,0.48,0.66,0.65,0.69,0.82,0.62
263,2018-04-01,Ealing,9342,0.0003285870755750274,3.0,11.0,0.74,0.2,0.57,0.72,0.73,0.77,0.85,0.74
264,2018-04-01,Enfield,9139,0.0001095290251916758,1.0,6.0,0.55,0.19,0.42,0.58,0.63,0.67,0.79,0.6
265,2018-04-01,Greenwich,8024,0.0002190580503833516,2.0,7.0,0.66,0.09,0.39,0.75,0.73,0.78,0.87,0.69
266,2018-04-01,Hackney,9510,0.0004381161007667032,4.0,10.0,0.55,0.12,0.28,0.68,0.79,0.54,0.78,0.58
267,2018-04-01,Hammersmith and Fulham,6852,0.0003285870755750274,3.0,16.0,0.75,0.11,0.47,0.77,0.81,0.83,0.9,0.82
268,2018-04-01,Haringey,10155,0.0001095290251916758,1.0,11.0,0.55,0.28,0.42,0.59,0.68,0.59,0.75,0.58
269,2018-04-01,Harrow,4673,0.0002190580503833516,2.0,10.0,0.62,0.14,0.32,0.68,0.73,0.78,0.82,0.62
270,2018-04-01,Havering,5915,0.0003285870755750274,3.0,8.0,0.7,0.14,0.41,0.75,0.69,0.84,0.89,0.63
271,2018-04-01,Hillingdon,8776,0.0,0.0,8.0,0.64,0.32,0.56,0.69,0.68,0.76,0.85,0.63
272,2018-04-01,Hounslow,8019,0.0006571741511500548,6.0,14.0,0.72,0.19,0.65,0.68,0.72,0.81,0.86,0.66
273,2018-04-01,Islington,8798,0.0006571741511500549,6.0,14.0,0.57,0.14,0.34,0.77,0.8,0.67,0.86,0.7
274,2018-04-01,Kensington and Chelsea,6286,0.0,0.0,8.0,0.81,0.08,0.55,0.85,0.87,0.84,0.92,0.85
275,2018-04-01,Kingston upon Thames,3572,0.0003285870755750274,3.0,13.0,0.76,0.15,0.49,0.65,0.74,0.78,0.88,0.65
276,2018-04-01,Lambeth,11246,0.0001095290251916758,1.0,5.0,0.64,0.12,0.43,0.76,0.77,0.73,0.87,0.72
277,2018-04-01,Lewisham,8060,0.0003285870755750274,3.0,12.0,0.68,0.17,0.44,0.74,0.77,0.7,0.83,0.69
278,2018-04-01,Merton,4297,0.000547645125958379,5.0,13.0,0.79,0.09,0.52,0.75,0.82,0.78,0.9,0.72
279,2018-04-01,Newham,10906,0.0001095290251916758,1.0,9.0,0.68,0.07,0.32,0.8,0.82,0.84,0.88,0.78
280,2018-04-01,Redbridge,7320,0.0001095290251916758,1.0,7.0,0.67,0.18,0.47,0.77,0.69,0.82,0.88,0.72
281,2018-04-01,Richmond upon Thames,3932,0.0007667031763417306,7.0,20.0,0.79,0.08,0.41,0.71,0.82,0.82,0.9,0.7
282,2018-04-01,Southwark,10936,0.0004381161007667032,4.0,16.0,0.75,0.1,0.38,0.8,0.81,0.77,0.85,0.8
283,2018-04-01,Sutton,3673,0.0002190580503833516,2.0,11.0,0.77,0.15,0.5,0.74,0.79,0.79,0.92,0.75
284,2018-04-01,Tower Hamlets,12069,0.0003285870755750274,3.0,7.0,0.63,0.08,0.36,0.77,0.75,0.79,0.88,0.74
285,2018-04-01,Waltham Forest,7458,0.0,0.0,8.0,0.57,0.18,0.29,0.55,0.65,0.73,0.8,0.58
286,2018-04-01,Wandsworth,8000,0.0004381161007667032,4.0,8.0,0.74,0.1,0.34,0.83,0.84,0.83,0.9,0.8
287,2018-04-01,City of Westminster,17879,0.0002190580503833516,2.0,9.0,0.74,0.11,0.36,0.83,0.82,0.84,0.92,0.84
288,2018-07-01,Barking and Dagenham,5661,0.0006571741511500548,6.0,13.0,0.59,0.14,0.4,0.73,0.72,0.84,0.84,0.66
289,2018-07-01,Barnet,8677,0.000547645125958379,5.0,12.0,0.68,0.18,0.54,0.7,0.74,0.78,0.85,0.69
290,2018-07-01,Bexley,4797,0.0002190580503833516,2.0,12.0,0.77,0.19,0.43,0.81,0.74,0.84,0.89,0.77
291,2018-07-01,Brent,10053,0.0004381161007667032,4.0,10.0,0.63,0.14,0.41,0.66,0.75,0.75,0.8,0.63
292,2018-07-01,Bromley,6930,0.0003285870755750274,3.0,8.0,0.71,0.19,0.42,0.68,0.65,0.74,0.86,0.62
293,2018-07-01,Camden,11213,0.0004381161007667032,4.0,15.0,0.6,0.14,0.4,0.77,0.81,0.69,0.89,0.71
294,2018-07-01,Croydon,9679,0.0001095290251916758,1.0,7.0,0.57,0.18,0.5,0.64,0.66,0.69,0.81,0.61
295,2018-07-01,Ealing,9577,0.0004381161007667032,4.0,9.0,0.75,0.15,0.51,0.73,0.8,0.82,0.85,0.73
296,2018-07-01,Enfield,8945,0.0003285870755750274,3.0,15.0,0.53,0.17,0.4,0.59,0.66,0.69,0.82,0.59
297,2018-07-01,Greenwich,8035,0.000547645125958379,5.0,12.0,0.69,0.08,0.38,0.76,0.74,0.81,0.87,0.74
298,2018-07-01,Hackney,10192,0.0001095290251916758,1.0,10.0,0.54,0.13,0.27,0.67,0.8,0.54,0.82,0.6
299,2018-07-01,Hammersmith and Fulham,6860,0.00032858707557502744,3.0,10.0,0.72,0.1,0.43,0.75,0.77,0.8,0.89,0.79
300,2018-07-01,Haringey,9735,0.0003285870755750274,3.0,8.0,0.52,0.27,0.43,0.57,0.66,0.59,0.75,0.57
301,2018-07-01,Harrow,5005,0.0004381161007667032,4.0,5.0,0.61,0.1,0.33,0.66,0.71,0.76,0.82,0.6
302,2018-07-01,Havering,5681,0.0001095290251916758,1.0,6.0,0.66,0.11,0.39,0.69,0.67,0.86,0.87,0.58
303,2018-07-01,Hillingdon,8916,0.0003285870755750274,3.0,11.0,0.63,0.23,0.5,0.7,0.71,0.79,0.85,0.65
304,2018-07-01,Hounslow,8064,0.0006571741511500549,6.0,18.0,0.66,0.14,0.56,0.68,0.74,0.85,0.85,0.64
305,2018-07-01,Islington,9101,0.0001095290251916758,1.0,6.0,0.54,0.13,0.36,0.78,0.81,0.69,0.86,0.7
306,2018-07-01,Kensington and Chelsea,6868,0.0003285870755750274,3.0,7.0,0.81,0.06,0.5,0.86,0.88,0.85,0.92,0.85
307,2018-07-01,Kingston upon Thames,3890,0.000547645125958379,5.0,16.0,0.75,0.15,0.47,0.67,0.74,0.8,0.88,0.64
308,2018-07-01,Lambeth,11342,0.0004381161007667032,4.0,7.0,0.6,0.13,0.36,0.74,0.74,0.71,0.86,0.71
309,2018-07-01,Lewisham,8320,0.000547645125958379,5.0,12.0,0.65,0.16,0.42,0.7,0.77,0.72,0.83,0.67
310,2018-07-01,Merton,4326,0.0004381161007667032,4.0,9.0,0.75,0.09,0.48,0.72,0.79,0.77,0.89,0.69
311,2018-07-01,Newham,11062,0.0001095290251916758,1.0,6.0,0.66,0.1,0.36,0.79,0.77,0.82,0.86,0.75
312,2018-07-01,Redbridge,7258,0.0001095290251916758,1.0,9.0,0.62,0.19,0.46,0.71,0.65,0.79,0.85,0.66
313,2018-07-01,Richmond upon Thames,4119,0.0009857612267250822,9.0,17.0,0.75,0.08,0.42,0.69,0.79,0.79,0.93,0.68
314,2018-07-01,Southwark,11317,0.000547645125958379,5.0,17.0,0.73,0.11,0.34,0.76,0.79,0.78,0.86,0.78
315,2018-07-01,Sutton,3856,0.0001095290251916758,1.0,4.0,0.77,0.12,0.48,0.74,0.8,0.81,0.92,0.75
316,2018-07-01,Tower Hamlets,12225,0.0004381161007667032,4.0,11.0,0.6,0.08,0.33,0.74,0.74,0.77,0.86,0.7
317,2018-07-01,Waltham Forest,7612,0.0007667031763417306,7.0,17.0,0.54,0.19,0.29,0.53,0.62,0.74,0.76,0.55
318,2018-07-01,Wandsworth,8046,0.0003285870755750274,3.0,9.0,0.75,0.08,0.33,0.81,0.82,0.83,0.89,0.77
319,2018-07-01,City of Westminster,19545,0.0003285870755750274,3.0,8.0,0.72,0.1,0.41,0.82,0.81,0.84,0.92,0.82
320,2018-10-01,Barking and Dagenham,5698,0.0003285870755750274,3.0,6.0,0.59,0.12,0.36,0.67,0.7,0.82,0.82,0.62
321,2018-10-01,Barnet,9294,0.0003285870755750274,3.0,10.0,0.7,0.16,0.5,0.73,0.76,0.79,0.87,0.68
322,2018-10-01,Bexley,5095,0.0001095290251916758,1.0,10.0,0.75,0.15,0.43,0.8,0.71,0.83,0.89,0.76
323,2018-10-01,Brent,9839,0.0004381161007667032,4.0,13.0,0.61,0.11,0.32,0.62,0.74,0.74,0.83,0.6
324,2018-10-01,Bromley,7092,0.0004381161007667032,4.0,10.0,0.68,0.15,0.41,0.68,0.68,0.78,0.88,0.64
325,2018-10-01,Camden,11404,0.0002190580503833516,2.0,9.0,0.61,0.13,0.42,0.78,0.79,0.7,0.87,0.72
326,2018-10-01,Croydon,9678,0.001095290251916758,10.0,16.0,0.56,0.14,0.46,0.62,0.65,0.69,0.79,0.57
327,2018-10-01,Ealing,9743,0.0004381161007667032,4.0,8.0,0.73,0.16,0.49,0.73,0.8,0.81,0.87,0.73
328,2018-10-01,Enfield,9234,0.0004381161007667032,4.0,13.0,0.5,0.16,0.36,0.56,0.62,0.68,0.79,0.54
329,2018-10-01,Greenwich,7986,0.0004381161007667032,4.0,11.0,0.69,0.08,0.37,0.74,0.72,0.78,0.87,0.71
330,2018-10-01,Hackney,10506,0.0008762322015334064,8.0,19.0,0.56,0.14,0.26,0.68,0.82,0.55,0.83,0.65
331,2018-10-01,Hammersmith and Fulham,6753,0.0003285870755750274,3.0,8.0,0.72,0.11,0.38,0.76,0.77,0.77,0.89,0.79
332,2018-10-01,Haringey,9778,0.0003285870755750274,3.0,9.0,0.49,0.23,0.37,0.56,0.68,0.6,0.74,0.55
333,2018-10-01,Harrow,5170,0.0003285870755750274,3.0,6.0,0.62,0.08,0.35,0.65,0.67,0.77,0.81,0.6
334,2018-10-01,Havering,5783,0.0001095290251916758,1.0,8.0,0.64,0.11,0.41,0.66,0.65,0.83,0.86,0.58
335,2018-10-01,Hillingdon,9385,0.000547645125958379,5.0,17.0,0.6,0.17,0.42,0.67,0.73,0.79,0.84,0.63
336,2018-10-01,Hounslow,8426,0.0002190580503833516,2.0,9.0,0.65,0.11,0.54,0.67,0.74,0.83,0.87,0.63
337,2018-10-01,Islington,9147,0.0002190580503833516,2.0,10.0,0.52,0.13,0.34,0.72,0.78,0.66,0.85,0.66
338,2018-10-01,Kensington and Chelsea,6378,0.0003285870755750274,3.0,7.0,0.8,0.06,0.52,0.86,0.88,0.86,0.91,0.85
339,2018-10-01,Kingston upon Thames,4035,0.0002190580503833516,2.0,5.0,0.74,0.14,0.45,0.69,0.75,0.83,0.88,0.66
340,2018-10-01,Lambeth,10740,0.0001095290251916758,1.0,9.0,0.58,0.13,0.37,0.7,0.74,0.69,0.84,0.7
341,2018-10-01,Lewisham,8342,0.0003285870755750274,3.0,11.0,0.65,0.12,0.38,0.69,0.73,0.72,0.81,0.64
342,2018-10-01,Merton,4548,0.0003285870755750274,3.0,7.0,0.72,0.1,0.47,0.71,0.78,0.79,0.89,0.69
343,2018-10-01,Newham,11046,0.0001095290251916758,1.0,8.0,0.61,0.11,0.34,0.78,0.76,0.85,0.84,0.76
344,2018-10-01,Redbridge,7584,0.0004381161007667032,4.0,15.0,0.57,0.18,0.46,0.72,0.65,0.8,0.82,0.63
345,2018-10-01,Richmond upon Thames,4124,0.0003285870755750274,3.0,13.0,0.77,0.07,0.41,0.69,0.78,0.77,0.91,0.67
346,2018-10-01,Southwark,11411,0.0002190580503833516,2.0,8.0,0.68,0.12,0.35,0.76,0.76,0.8,0.85,0.77
347,2018-10-01,Sutton,4009,0.0,0.0,10.0,0.72,0.14,0.48,0.74,0.79,0.81,0.91,0.72
348,2018-10-01,Tower Hamlets,11440,0.0001095290251916758,1.0,4.0,0.57,0.07,0.3,0.72,0.76,0.75,0.85,0.67
349,2018-10-01,Waltham Forest,7798,0.0001095290251916758,1.0,10.0,0.52,0.2,0.28,0.54,0.61,0.73,0.75,0.54
350,2018-10-01,Wandsworth,7757,0.0002190580503833516,2.0,9.0,0.76,0.08,0.3,0.8,0.8,0.79,0.88,0.76
351,2018-10-01,City of Westminster,22092,0.0003285870755750274,3.0,7.0,0.7,0.1,0.41,0.78,0.79,0.82,0.91,0.79
352,2019-01-01,Barking and Dagenham,5692,0.0003285870755750274,3.0,13.0,0.61,0.11,0.38,0.7,0.72,0.81,0.83,0.64
353,2019-01-01,Barnet,9407,0.0003285870755750274,3.0,8.0,0.65,0.14,0.46,0.74,0.77,0.78,0.9,0.68
354,2019-01-01,Bexley,5163,0.0001095290251916758,1.0,10.0,0.72,0.15,0.36,0.74,0.66,0.79,0.87,0.69
355,2019-01-01,Brent,9541,0.000547645125958379,5.0,12.0,0.54,0.08,0.3,0.61,0.72,0.73,0.82,0.56
356,2019-01-01,Bromley,7160,0.000547645125958379,5.0,12.0,0.68,0.15,0.4,0.7,0.71,0.8,0.88,0.64
357,2019-01-01,Camden,11852,0.0007667031763417306,7.0,12.0,0.6,0.14,0.39,0.73,0.8,0.7,0.85,0.69
358,2019-01-01,Croydon,9687,0.0008762322015334064,8.0,10.0,0.55,0.12,0.37,0.59,0.67,0.71,0.78,0.57
359,2019-01-01,Ealing,10115,0.0006571741511500548,6.0,14.0,0.67,0.13,0.41,0.7,0.77,0.81,0.85,0.71
360,2019-01-01,Enfield,8926,0.000547645125958379,5.0,12.0,0.49,0.17,0.33,0.58,0.58,0.7,0.79,0.52
361,2019-01-01,Greenwich,7802,0.0004381161007667032,4.0,14.0,0.68,0.08,0.33,0.75,0.71,0.75,0.84,0.71
362,2019-01-01,Hackney,9844,0.0002190580503833516,2.0,10.0,0.53,0.17,0.25,0.64,0.77,0.54,0.79,0.62
363,2019-01-01,Hammersmith and Fulham,6673,0.0006571741511500548,6.0,14.0,0.69,0.11,0.32,0.72,0.73,0.74,0.88,0.7
364,2019-01-01,Haringey,9523,0.0004381161007667032,4.0,13.0,0.51,0.22,0.38,0.6,0.7,0.61,0.74,0.59
365,2019-01-01,Harrow,5298,0.0004381161007667032,4.0,10.0,0.61,0.11,0.37,0.66,0.67,0.78,0.83,0.62
366,2019-01-01,Havering,5514,0.0001095290251916758,1.0,5.0,0.61,0.11,0.4,0.66,0.67,0.83,0.83,0.58
367,2019-01-01,Hillingdon,9120,0.0002190580503833516,2.0,14.0,0.57,0.16,0.4,0.66,0.71,0.79,0.82,0.63
368,2019-01-01,Hounslow,8209,0.001095290251916758,10.0,18.0,0.63,0.1,0.53,0.69,0.76,0.85,0.89,0.65
369,2019-01-01,Islington,8872,0.0,0.0,10.0,0.49,0.14,0.3,0.69,0.79,0.64,0.85,0.63
370,2019-01-01,Kensington and Chelsea,6472,0.0001095290251916758,1.0,7.0,0.83,0.06,0.5,0.87,0.87,0.89,0.92,0.86
371,2019-01-01,Kingston upon Thames,3832,0.0007667031763417306,7.0,15.0,0.73,0.14,0.45,0.7,0.74,0.85,0.89,0.68
372,2019-01-01,Lambeth,10539,0.00043811610076670325,4.0,12.0,0.58,0.15,0.36,0.68,0.73,0.69,0.83,0.68
373,2019-01-01,Lewisham,8190,0.0001095290251916758,1.0,11.0,0.67,0.12,0.31,0.67,0.73,0.75,0.81,0.62
374,2019-01-01,Merton,4303,0.0004381161007667032,4.0,11.0,0.71,0.11,0.47,0.74,0.76,0.78,0.87,0.7
375,2019-01-01,Newham,10379,0.0001095290251916758,1.0,9.0,0.56,0.09,0.4,0.8,0.76,0.84,0.85,0.77
376,2019-01-01,Redbridge,7284,0.0001095290251916758,1.0,11.0,0.6,0.15,0.38,0.7,0.68,0.82,0.84,0.6
377,2019-01-01,Richmond upon Thames,3857,0.0009857612267250822,9.0,12.0,0.72,0.08,0.39,0.7,0.77,0.79,0.91,0.66
378,2019-01-01,Southwark,11148,0.0003285870755750274,3.0,13.0,0.68,0.11,0.34,0.71,0.71,0.76,0.83,0.72
379,2019-01-01,Sutton,4076,0.0007667031763417306,7.0,14.0,0.71,0.15,0.46,0.76,0.78,0.8,0.89,0.71
380,2019-01-01,Tower Hamlets,11469,0.0002190580503833516,2.0,5.0,0.58,0.07,0.29,0.73,0.79,0.77,0.86,0.67
381,2019-01-01,Waltham Forest,7309,0.0003285870755750274,3.0,13.0,0.57,0.19,0.33,0.6,0.64,0.74,0.79,0.56
382,2019-01-01,Wandsworth,7662,0.0003285870755750274,3.0,8.0,0.74,0.08,0.31,0.79,0.78,0.79,0.87,0.74
383,2019-01-01,City of Westminster,23322,0.000547645125958379,5.0,15.0,0.73,0.1,0.46,0.82,0.79,0.82,0.91,0.83
384,2019-04-01,Barking and Dagenham,6052,0.0004381161007667032,4.0,11.0,0.59,0.09,0.37,0.67,0.67,0.79,0.83,0.61
385,2019-04-01,Barnet,9577,0.0001095290251916758,1.0,7.0,0.61,0.15,0.41,0.73,0.74,0.76,0.89,0.66
386,2019-04-01,Bexley,5598,0.000547645125958379,5.0,13.0,0.67,0.18,0.38,0.68,0.63,0.75,0.84,0.63
387,2019-04-01,Brent,9768,0.0003285870755750274,3.0,6.0,0.52,0.07,0.31,0.62,0.69,0.73,0.81,0.57
388,2019-04-01,Bromley,7382,0.000547645125958379,5.0,11.0,0.66,0.17,0.39,0.67,0.72,0.83,0.88,0.62
389,2019-04-01,Camden,11915,0.0003285870755750274,3.0,9.0,0.59,0.13,0.4,0.73,0.79,0.71,0.84,0.69
390,2019-04-01,Croydon,9734,0.0004381161007667032,4.0,8.0,0.56,0.11,0.38,0.61,0.7,0.76,0.8,0.61
391,2019-04-01,Ealing,10066,0.0004381161007667032,4.0,14.0,0.65,0.12,0.42,0.71,0.77,0.82,0.87,0.72
392,2019-04-01,Enfield,9334,0.0003285870755750274,3.0,11.0,0.5,0.19,0.33,0.58,0.59,0.7,0.81,0.49
393,2019-04-01,Greenwich,8487,0.0002190580503833516,2.0,8.0,0.67,0.09,0.29,0.71,0.66,0.74,0.83,0.63
394,2019-04-01,Hackney,10440,0.0006571741511500548,6.0,22.0,0.5,0.17,0.27,0.61,0.71,0.52,0.77,0.58
395,2019-04-01,Hammersmith and Fulham,7064,0.0008762322015334064,8.0,20.0,0.69,0.09,0.29,0.73,0.75,0.74,0.87,0.68
396,2019-04-01,Haringey,9899,0.0006571741511500549,6.0,13.0,0.49,0.21,0.37,0.65,0.69,0.63,0.74,0.62
397,2019-04-01,Harrow,5544,0.000547645125958379,5.0,13.0,0.6,0.13,0.37,0.66,0.68,0.8,0.84,0.62
398,2019-04-01,Havering,5805,0.0002190580503833516,2.0,7.0,0.58,0.11,0.38,0.65,0.66,0.84,0.82,0.57
399,2019-04-01,Hillingdon,9349,0.0003285870755750274,3.0,8.0,0.59,0.13,0.41,0.66,0.69,0.77,0.81,0.61
400,2019-04-01,Hounslow,8155,0.0008762322015334063,8.0,19.0,0.63,0.1,0.48,0.67,0.73,0.83,0.87,0.66
401,2019-04-01,Islington,9102,0.0002190580503833516,2.0,10.0,0.5,0.14,0.26,0.64,0.76,0.62,0.83,0.59
402,2019-04-01,Kensington and Chelsea,6873,0.0001095290251916758,1.0,9.0,0.83,0.04,0.46,0.86,0.89,0.88,0.91,0.85
403,2019-04-01,Kingston upon Thames,3917,0.000547645125958379,5.0,10.0,0.73,0.13,0.39,0.71,0.71,0.85,0.86,0.67
404,2019-04-01,Lambeth,11045,0.0001095290251916758,1.0,4.0,0.61,0.1,0.35,0.67,0.74,0.7,0.83,0.67
405,2019-04-01,Lewisham,8958,0.00032858707557502744,3.0,9.0,0.62,0.12,0.3,0.69,0.69,0.73,0.83,0.62
406,2019-04-01,Merton,4416,0.0008762322015334064,8.0,15.0,0.68,0.11,0.43,0.72,0.76,0.82,0.89,0.67
407,2019-04-01,Newham,11057,0.0001095290251916758,1.0,9.0,0.56,0.1,0.41,0.82,0.76,0.86,0.85,0.78
408,2019-04-01,Redbridge,7399,0.0004381161007667032,4.0,13.0,0.55,0.15,0.35,0.63,0.65,0.81,0.82,0.54
409,2019-04-01,Richmond upon Thames,4045,0.0009857612267250822,9.0,15.0,0.7,0.09,0.35,0.69,0.74,0.77,0.91,0.63
410,2019-04-01,Southwark,11889,0.0002190580503833516,2.0,8.0,0.62,0.12,0.35,0.67,0.67,0.75,0.8,0.66
411,2019-04-01,Sutton,4495,0.0008762322015334064,8.0,17.0,0.66,0.15,0.4,0.7,0.74,0.79,0.85,0.65
412,2019-04-01,Tower Hamlets,12382,0.0004381161007667032,4.0,5.0,0.53,0.07,0.27,0.65,0.75,0.73,0.81,0.61
413,2019-04-01,Waltham Forest,7596,0.0002190580503833516,2.0,8.0,0.51,0.16,0.33,0.6,0.63,0.72,0.79,0.55
414,2019-04-01,Wandsworth,7914,0.0002190580503833516,2.0,10.0,0.71,0.06,0.35,0.74,0.77,0.8,0.85,0.72
415,2019-04-01,City of Westminster,23794,0.0002190580503833516,2.0,7.0,0.71,0.07,0.43,0.8,0.8,0.87,0.89,0.79
416,2019-07-01,Barking and Dagenham,5715,0.0004381161007667032,4.0,9.0,0.57,0.1,0.33,0.64,0.66,0.76,0.82,0.62
417,2019-07-01,Barnet,9181,0.0002190580503833516,2.0,17.0,0.61,0.14,0.39,0.76,0.75,0.78,0.9,0.7
418,2019-07-01,Bexley,5326,0.0001095290251916758,1.0,7.0,0.63,0.21,0.41,0.67,0.67,0.77,0.84,0.61
419,2019-07-01,Brent,9657,0.00032858707557502744,3.0,12.0,0.51,0.07,0.35,0.67,0.65,0.72,0.83,0.63
420,2019-07-01,Bromley,7521,0.0003285870755750274,3.0,9.0,0.65,0.22,0.39,0.66,0.72,0.84,0.88,0.62
421,2019-07-01,Camden,11423,0.000547645125958379,5.0,17.0,0.58,0.16,0.39,0.72,0.78,0.72,0.81,0.67
422,2019-07-01,Croydon,10228,0.0003285870755750274,3.0,10.0,0.54,0.09,0.32,0.62,0.7,0.77,0.8,0.59
423,2019-07-01,Ealing,9772,0.0006571741511500548,6.0,15.0,0.6,0.1,0.39,0.73,0.77,0.82,0.87,0.73
424,2019-07-01,Enfield,9110,0.0003285870755750274,3.0,9.0,0.44,0.19,0.33,0.53,0.55,0.66,0.76,0.45
425,2019-07-01,Greenwich,8675,0.000547645125958379,5.0,13.0,0.62,0.12,0.33,0.64,0.62,0.76,0.81,0.58
426,2019-07-01,Hackney,10791,0.0002190580503833516,2.0,15.0,0.45,0.18,0.27,0.55,0.67,0.52,0.74,0.52
427,2019-07-01,Hammersmith and Fulham,6826,0.0003285870755750274,3.0,9.0,0.67,0.09,0.28,0.71,0.74,0.73,0.85,0.64
428,2019-07-01,Haringey,9672,0.0006571741511500548,6.0,17.0,0.5,0.21,0.34,0.66,0.69,0.64,0.76,0.6
429,2019-07-01,Harrow,5403,0.000547645125958379,5.0,16.0,0.58,0.14,0.39,0.67,0.69,0.82,0.82,0.6
430,2019-07-01,Havering,5550,0.0006571741511500548,6.0,15.0,0.59,0.11,0.34,0.68,0.66,0.84,0.82,0.6
431,2019-07-01,Hillingdon,9422,0.0006571741511500548,6.0,14.0,0.54,0.11,0.39,0.66,0.71,0.77,0.83,0.62
432,2019-07-01,Hounslow,8017,0.000547645125958379,5.0,13.0,0.59,0.09,0.49,0.66,0.74,0.81,0.87,0.69
433,2019-07-01,Islington,9289,0.0006571741511500548,6.0,13.0,0.5,0.15,0.23,0.58,0.71,0.56,0.81,0.53
434,2019-07-01,Kensington and Chelsea,7434,0.0002190580503833516,2.0,8.0,0.82,0.07,0.47,0.85,0.88,0.87,0.91,0.82
435,2019-07-01,Kingston upon Thames,3827,0.0013143483023001095,12.0,23.0,0.67,0.12,0.35,0.68,0.71,0.84,0.84,0.65
436,2019-07-01,Lambeth,11155,0.0002190580503833516,2.0,14.0,0.61,0.08,0.36,0.68,0.75,0.7,0.83,0.69
437,2019-07-01,Lewisham,8968,0.0003285870755750274,3.0,9.0,0.64,0.11,0.28,0.71,0.69,0.75,0.81,0.66
438,2019-07-01,Merton,4587,0.0012048192771084338,11.0,17.0,0.66,0.12,0.41,0.74,0.73,0.82,0.88,0.7
439,2019-07-01,Newham,10721,0.0002190580503833516,2.0,9.0,0.58,0.07,0.42,0.82,0.8,0.86,0.87,0.8
440,2019-07-01,Redbridge,7032,0.0003285870755750274,3.0,10.0,0.58,0.13,0.38,0.66,0.69,0.82,0.85,0.58
441,2019-07-01,Richmond upon Thames,3875,0.0015334063526834612,14.0,22.0,0.65,0.09,0.31,0.71,0.75,0.81,0.91,0.63
442,2019-07-01,Southwark,11711,0.0002190580503833516,2.0,6.0,0.62,0.1,0.31,0.72,0.69,0.75,0.8,0.69
443,2019-07-01,Sutton,4362,0.0008762322015334064,8.0,16.0,0.64,0.15,0.37,0.68,0.73,0.8,0.84,0.63
444,2019-07-01,Tower Hamlets,12285,0.0003285870755750274,3.0,10.0,0.56,0.07,0.27,0.67,0.76,0.75,0.82,0.63
445,2019-07-01,Waltham Forest,7328,0.0007667031763417306,7.0,14.0,0.53,0.15,0.35,0.62,0.67,0.71,0.8,0.58
446,2019-07-01,Wandsworth,7812,0.0002190580503833516,2.0,10.0,0.67,0.09,0.36,0.76,0.72,0.82,0.84,0.72
447,2019-07-01,City of Westminster,21348,0.0001095290251916758,1.0,5.0,0.7,0.09,0.42,0.8,0.81,0.87,0.86,0.79
448,2019-10-01,Barking and Dagenham,5873,0.0001095290251916758,1.0,6.0,0.57,0.11,0.34,0.65,0.64,0.79,0.84,0.62
449,2019-10-01,Barnet,9541,0.0006571741511500548,6.0,15.0,0.58,0.14,0.39,0.77,0.75,0.79,0.89,0.7
450,2019-10-01,Bexley,5248,0.00032858707557502744,3.0,8.0,0.64,0.24,0.44,0.67,0.67,0.8,0.83,0.61
451,2019-10-01,Brent,8950,0.0007667031763417306,7.0,20.0,0.52,0.05,0.41,0.77,0.72,0.8,0.88,0.72
452,2019-10-01,Bromley,7393,0.0003285870755750274,3.0,13.0,0.69,0.23,0.43,0.68,0.74,0.84,0.89,0.63
453,2019-10-01,Camden,11823,0.0004381161007667032,4.0,10.0,0.54,0.19,0.36,0.66,0.77,0.72,0.82,0.63
454,2019-10-01,Croydon,9844,0.0004381161007667032,4.0,9.0,0.56,0.09,0.31,0.64,0.71,0.78,0.84,0.62
455,2019-10-01,Ealing,9824,0.0012048192771084338,11.0,15.0,0.57,0.08,0.4,0.73,0.76,0.85,0.88,0.74
456,2019-10-01,Enfield,9194,0.0007667031763417306,7.0,16.0,0.45,0.19,0.3,0.56,0.56,0.64,0.76,0.48
457,2019-10-01,Greenwich,8071,0.0008762322015334064,8.0,16.0,0.57,0.12,0.34,0.65,0.66,0.8,0.81,0.58
458,2019-10-01,Hackney,9720,0.0001095290251916758,1.0,9.0,0.44,0.18,0.26,0.5,0.61,0.48,0.73,0.46
459,2019-10-01,Hammersmith and Fulham,6712,0.0004381161007667032,4.0,15.0,0.66,0.1,0.3,0.71,0.72,0.73,0.84,0.64
460,2019-10-01,Haringey,9421,0.000547645125958379,5.0,10.0,0.52,0.22,0.35,0.63,0.69,0.63,0.77,0.59
461,2019-10-01,Harrow,5304,0.0007667031763417306,7.0,12.0,0.55,0.14,0.41,0.68,0.74,0.84,0.86,0.63
462,2019-10-01,Havering,5661,0.0,0.0,11.0,0.6,0.11,0.31,0.71,0.65,0.84,0.83,0.6
463,2019-10-01,Hillingdon,9476,0.0004381161007667032,4.0,15.0,0.55,0.1,0.39,0.69,0.72,0.8,0.86,0.64
464,2019-10-01,Hounslow,7912,0.0006571741511500548,6.0,14.0,0.57,0.08,0.5,0.72,0.75,0.85,0.88,0.74
465,2019-10-01,Islington,9234,0.0004381161007667032,4.0,14.0,0.5,0.18,0.23,0.6,0.69,0.58,0.79,0.52
466,2019-10-01,Kensington and Chelsea,7243,0.00032858707557502744,3.0,10.0,0.81,0.06,0.42,0.84,0.87,0.87,0.9,0.82
467,2019-10-01,Kingston upon Thames,3726,0.0002190580503833516,2.0,10.0,0.68,0.13,0.38,0.71,0.73,0.81,0.85,0.67
468,2019-10-01,Lambeth,10598,0.0004381161007667032,4.0,9.0,0.61,0.09,0.32,0.67,0.72,0.7,0.82,0.67
469,2019-10-01,Lewisham,8225,0.0002190580503833516,2.0,11.0,0.61,0.11,0.28,0.66,0.66,0.73,0.8,0.61
470,2019-10-01,Merton,4268,0.0002190580503833516,2.0,13.0,0.67,0.12,0.37,0.75,0.73,0.82,0.89,0.7
471,2019-10-01,Newham,10412,0.0003285870755750274,3.0,12.0,0.58,0.06,0.43,0.81,0.79,0.84,0.87,0.77
472,2019-10-01,Redbridge,7280,0.0001095290251916758,1.0,8.0,0.59,0.13,0.35,0.65,0.66,0.81,0.87,0.58
473,2019-10-01,Richmond upon Thames,4117,0.00032858707557502744,3.0,15.0,0.64,0.1,0.3,0.71,0.73,0.81,0.9,0.62
474,2019-10-01,Southwark,11568,0.0004381161007667032,4.0,13.0,0.64,0.09,0.31,0.74,0.71,0.75,0.82,0.72
475,2019-10-01,Sutton,4248,0.000547645125958379,5.0,16.0,0.65,0.15,0.34,0.65,0.72,0.79,0.83,0.61
476,2019-10-01,Tower Hamlets,11422,0.0004381161007667032,4.0,17.0,0.57,0.06,0.28,0.68,0.75,0.8,0.83,0.66
477,2019-10-01,Waltham Forest,7432,0.0004381161007667032,4.0,11.0,0.53,0.11,0.33,0.59,0.65,0.71,0.8,0.57
478,2019-10-01,Wandsworth,7873,0.0003285870755750274,3.0,9.0,0.62,0.09,0.39,0.76,0.71,0.82,0.83,0.72
479,2019-10-01,City of Westminster,22492,0.0004381161007667032,4.0,7.0,0.73,0.09,0.44,0.84,0.83,0.88,0.87,0.82
480,2020-01-01,Barking and Dagenham,5862,0.0,0.0,4.0,0.55,0.1,0.28,0.64,0.63,0.76,0.84,0.61
481,2020-01-01,Barnet,9234,0.0008762322015334064,8.0,18.0,0.6,0.13,0.39,0.8,0.78,0.83,0.9,0.73
482,2020-01-01,Bexley,5373,0.0002190580503833516,2.0,8.0,0.62,0.23,0.44,0.68,0.66,0.81,0.85,0.62
483,2020-01-01,Brent,9074,0.0002190580503833516,2.0,16.0,0.55,0.05,0.47,0.84,0.76,0.85,0.89,0.77
484,2020-01-01,Bromley,7078,0.0004381161007667032,4.0,14.0,0.65,0.25,0.45,0.65,0.7,0.8,0.88,0.62
485,2020-01-01,Camden,11540,0.0004381161007667032,4.0,10.0,0.6,0.18,0.37,0.67,0.76,0.71,0.83,0.63
486,2020-01-01,Croydon,10584,0.0007667031763417306,7.0,16.0,0.55,0.11,0.38,0.65,0.67,0.78,0.84,0.62
487,2020-01-01,Ealing,9603,0.000547645125958379,5.0,9.0,0.56,0.08,0.44,0.75,0.8,0.87,0.91,0.76
488,2020-01-01,Enfield,9236,0.000547645125958379,5.0,13.0,0.45,0.14,0.3,0.57,0.59,0.67,0.76,0.51
489,2020-01-01,Greenwich,7729,0.0002190580503833516,2.0,8.0,0.55,0.15,0.36,0.65,0.65,0.83,0.8,0.59
490,2020-01-01,Hackney,9506,0.00032858707557502744,3.0,9.0,0.46,0.14,0.23,0.52,0.6,0.47,0.75,0.45
491,2020-01-01,Hammersmith and Fulham,6239,0.0006571741511500549,6.0,15.0,0.64,0.09,0.38,0.73,0.76,0.78,0.85,0.7
492,2020-01-01,Haringey,9077,0.0004381161007667032,4.0,12.0,0.48,0.19,0.3,0.59,0.65,0.61,0.74,0.54
493,2020-01-01,Harrow,5295,0.0003285870755750274,3.0,8.0,0.56,0.11,0.44,0.7,0.78,0.86,0.87,0.66
494,2020-01-01,Havering,5583,0.0001095290251916758,1.0,10.0,0.62,0.13,0.31,0.74,0.66,0.85,0.85,0.64
495,2020-01-01,Hillingdon,9063,0.0001095290251916758,1.0,6.0,0.57,0.11,0.38,0.65,0.71,0.79,0.86,0.61
496,2020-01-01,Hounslow,7765,0.000547645125958379,5.0,13.0,0.58,0.11,0.5,0.7,0.75,0.84,0.86,0.73
497,2020-01-01,Islington,8946,0.0005476451259583791,5.0,13.0,0.5,0.16,0.24,0.56,0.65,0.57,0.76,0.46
498,2020-01-01,Kensington and Chelsea,6275,0.0006571741511500548,6.0,12.0,0.79,0.07,0.37,0.85,0.88,0.88,0.92,0.83
499,2020-01-01,Kingston upon Thames,3691,0.0003285870755750274,3.0,9.0,0.68,0.13,0.38,0.72,0.75,0.83,0.85,0.66
500,2020-01-01,Lambeth,10175,0.0004381161007667032,4.0,8.0,0.6,0.06,0.32,0.67,0.71,0.7,0.8,0.67
501,2020-01-01,Lewisham,8135,0.0003285870755750274,3.0,7.0,0.58,0.1,0.3,0.67,0.65,0.7,0.8,0.63
502,2020-01-01,Merton,4270,0.0003285870755750274,3.0,7.0,0.64,0.12,0.34,0.69,0.71,0.79,0.88,0.66
503,2020-01-01,Newham,10286,0.0002190580503833516,2.0,9.0,0.57,0.09,0.37,0.76,0.75,0.81,0.83,0.7
504,2020-01-01,Redbridge,7447,0.0002190580503833516,2.0,7.0,0.58,0.15,0.41,0.66,0.67,0.81,0.86,0.61
505,2020-01-01,Richmond upon Thames,3889,0.0001095290251916758,1.0,10.0,0.66,0.08,0.3,0.7,0.7,0.82,0.86,0.6
506,2020-01-01,Southwark,10180,0.0004381161007667032,4.0,11.0,0.63,0.09,0.34,0.77,0.71,0.79,0.85,0.76
507,2020-01-01,Sutton,4504,0.0002190580503833516,2.0,10.0,0.65,0.13,0.36,0.65,0.73,0.81,0.85,0.62
508,2020-01-01,Tower Hamlets,10861,0.0003285870755750274,3.0,9.0,0.57,0.09,0.28,0.64,0.68,0.78,0.81,0.65
509,2020-01-01,Waltham Forest,7935,0.0004381161007667032,4.0,11.0,0.46,0.12,0.33,0.58,0.65,0.69,0.79,0.55
510,2020-01-01,Wandsworth,7642,0.0007667031763417306,7.0,18.0,0.61,0.11,0.33,0.75,0.67,0.83,0.83,0.69
511,2020-01-01,City of Westminster,20442,0.0002190580503833516,2.0,10.0,0.75,0.09,0.43,0.82,0.83,0.87,0.88,0.78
512,2020-04-01,Barking and Dagenham,7331,0.000547645125958379,5.0,18.0,0.57,0.11,0.25,0.67,0.69,0.76,0.85,0.67
513,2020-04-01,Barnet,11313,0.0004381161007667032,4.0,12.0,0.62,0.13,0.38,0.81,0.81,0.83,0.91,0.74
514,2020-04-01,Bexley,6465,0.0006571741511500549,6.0,20.0,0.62,0.22,0.41,0.71,0.66,0.85,0.88,0.67
515,2020-04-01,Brent,12671,0.0004381161007667032,4.0,18.0,0.57,0.05,0.49,0.87,0.79,0.88,0.91,0.81
516,2020-04-01,Bromley,9295,0.0003285870755750274,3.0,13.0,0.65,0.22,0.49,0.69,0.72,0.83,0.89,0.65
517,2020-04-01,Camden,10309,0.000547645125958379,5.0,20.0,0.61,0.16,0.32,0.62,0.7,0.66,0.79,0.56
518,2020-04-01,Croydon,13047,0.0006571741511500548,6.0,14.0,0.52,0.11,0.34,0.6,0.64,0.73,0.81,0.59
519,2020-04-01,Ealing,12354,0.0009857612267250822,9.0,25.0,0.57,0.1,0.48,0.76,0.8,0.86,0.89,0.75
520,2020-04-01,Enfield,12279,0.0009857612267250822,9.0,29.0,0.45,0.17,0.3,0.54,0.57,0.63,0.74,0.49
521,2020-04-01,Greenwich,10350,0.0009857612267250822,9.0,23.0,0.55,0.14,0.35,0.67,0.67,0.82,0.81,0.61
522,2020-04-01,Hackney,13207,0.0007667031763417306,7.0,25.0,0.42,0.14,0.19,0.49,0.59,0.48,0.72,0.44
523,2020-04-01,Hammersmith and Fulham,7401,0.00032858707557502744,3.0,26.0,0.62,0.1,0.4,0.73,0.75,0.79,0.84,0.7
524,2020-04-01,Haringey,12720,0.0007667031763417306,7.0,23.0,0.46,0.18,0.25,0.58,0.64,0.58,0.77,0.53
525,2020-04-01,Harrow,6730,0.0006571741511500548,6.0,16.0,0.57,0.08,0.46,0.71,0.79,0.85,0.87,0.67
526,2020-04-01,Havering,6854,0.0002190580503833516,2.0,14.0,0.62,0.12,0.32,0.73,0.66,0.85,0.85,0.64
527,2020-04-01,Hillingdon,11146,0.0001095290251916758,1.0,15.0,0.54,0.13,0.34,0.57,0.66,0.79,0.85,0.57
528,2020-04-01,Hounslow,10151,0.000547645125958379,5.0,14.0,0.58,0.12,0.54,0.72,0.76,0.86,0.88,0.73
529,2020-04-01,Islington,10253,0.0007667031763417306,7.0,20.0,0.5,0.17,0.27,0.54,0.67,0.58,0.76,0.46
530,2020-04-01,Kensington and Chelsea,6283,0.0009857612267250822,9.0,18.0,0.7,0.11,0.31,0.8,0.84,0.84,0.88,0.79
531,2020-04-01,Kingston upon Thames,4814,0.0002190580503833516,2.0,15.0,0.65,0.14,0.43,0.76,0.77,0.86,0.89,0.7
532,2020-04-01,Lambeth,13173,0.0012048192771084338,11.0,19.0,0.54,0.11,0.27,0.62,0.65,0.62,0.75,0.6
533,2020-04-01,Lewisham,11733,0.0008762322015334064,8.0,28.0,0.58,0.11,0.3,0.62,0.61,0.65,0.74,0.57
534,2020-04-01,Merton,5823,0.0004381161007667032,4.0,19.0,0.67,0.12,0.33,0.72,0.73,0.8,0.85,0.68
535,2020-04-01,Newham,13570,0.0004381161007667032,4.0,16.0,0.57,0.09,0.32,0.74,0.73,0.8,0.79,0.65
536,2020-04-01,Redbridge,8951,0.0007667031763417306,7.0,17.0,0.58,0.14,0.37,0.7,0.68,0.82,0.86,0.67
537,2020-04-01,Richmond upon Thames,5754,0.0004381161007667032,4.0,17.0,0.64,0.07,0.35,0.71,0.69,0.84,0.88,0.65
538,2020-04-01,Southwark,12870,0.0006571741511500548,6.0,16.0,0.63,0.09,0.31,0.76,0.71,0.78,0.87,0.75
539,2020-04-01,Sutton,5695,0.0001095290251916758,1.0,11.0,0.66,0.12,0.36,0.71,0.74,0.84,0.86,0.67
540,2020-04-01,Tower Hamlets,16008,0.000547645125958379,5.0,24.0,0.57,0.08,0.28,0.69,0.69,0.78,0.85,0.65
541,2020-04-01,Waltham Forest,10953,0.0003285870755750274,3.0,12.0,0.49,0.16,0.34,0.56,0.65,0.69,0.78,0.54
542,2020-04-01,Wandsworth,10624,0.0006571741511500548,6.0,29.0,0.56,0.13,0.31,0.73,0.63,0.82,0.81,0.65
543,2020-04-01,City of Westminster,12372,0.0007667031763417306,7.0,24.0,0.74,0.12,0.39,0.8,0.78,0.78,0.88,0.75
544,2020-07-01,Barking and Dagenham,6598,0.0002190580503833516,2.0,19.0,0.61,0.13,0.31,0.69,0.71,0.76,0.86,0.71
545,2020-07-01,Barnet,10395,0.0,0.0,20.0,0.59,0.16,0.44,0.76,0.77,0.81,0.88,0.7
546,2020-07-01,Bexley,5716,0.0004381161007667032,4.0,23.0,0.61,0.25,0.43,0.7,0.64,0.85,0.89,0.66
547,2020-07-01,Brent,11408,0.000547645125958379,5.0,23.0,0.6,0.1,0.5,0.86,0.79,0.88,0.87,0.81
548,2020-07-01,Bromley,7963,0.0002190580503833516,2.0,18.0,0.66,0.22,0.54,0.73,0.72,0.84,0.9,0.69
549,2020-07-01,Camden,10881,0.001095290251916758,10.0,22.0,0.58,0.16,0.32,0.6,0.67,0.64,0.8,0.56
550,2020-07-01,Croydon,12417,0.0007667031763417306,7.0,20.0,0.53,0.13,0.38,0.59,0.64,0.7,0.8,0.59
551,2020-07-01,Ealing,11764,0.0004381161007667032,4.0,16.0,0.59,0.17,0.5,0.73,0.76,0.84,0.89,0.73
552,2020-07-01,Enfield,10675,0.0004381161007667032,4.0,20.0,0.5,0.19,0.32,0.6,0.6,0.67,0.78,0.55
553,2020-07-01,Greenwich,9392,0.0006571741511500548,6.0,19.0,0.55,0.15,0.34,0.72,0.69,0.79,0.82,0.68
554,2020-07-01,Hackney,12867,0.0009857612267250822,9.0,27.0,0.46,0.13,0.23,0.55,0.56,0.53,0.75,0.53
555,2020-07-01,Hammersmith and Fulham,7392,0.0007667031763417306,7.0,22.0,0.63,0.12,0.42,0.74,0.75,0.78,0.85,0.74
556,2020-07-01,Haringey,11290,0.0008762322015334064,8.0,22.0,0.48,0.16,0.32,0.61,0.64,0.61,0.77,0.56
557,2020-07-01,Harrow,6061,0.0007667031763417306,7.0,19.0,0.57,0.11,0.49,0.72,0.76,0.83,0.88,0.72
558,2020-07-01,Havering,6267,0.000547645125958379,5.0,19.0,0.63,0.15,0.37,0.72,0.66,0.83,0.85,0.66
559,2020-07-01,Hillingdon,9758,0.0001095290251916758,1.0,22.0,0.57,0.17,0.39,0.59,0.64,0.81,0.85,0.59
560,2020-07-01,Hounslow,9258,0.000547645125958379,5.0,20.0,0.61,0.17,0.54,0.75,0.76,0.85,0.88,0.72
561,2020-07-01,Islington,10250,0.0007667031763417306,7.0,27.0,0.53,0.18,0.3,0.6,0.71,0.63,0.77,0.54
562,2020-07-01,Kensington and Chelsea,6923,0.000547645125958379,5.0,20.0,0.69,0.14,0.37,0.81,0.81,0.83,0.87,0.82
563,2020-07-01,Kingston upon Thames,4448,0.0007667031763417306,7.0,19.0,0.68,0.19,0.47,0.77,0.73,0.82,0.89,0.71
564,2020-07-01,Lambeth,12965,0.0008762322015334064,8.0,23.0,0.56,0.14,0.27,0.6,0.64,0.6,0.76,0.56
565,2020-07-01,Lewisham,10597,0.000547645125958379,5.0,19.0,0.59,0.14,0.3,0.61,0.59,0.6,0.73,0.57
566,2020-07-01,Merton,5361,0.000547645125958379,5.0,16.0,0.68,0.17,0.38,0.71,0.75,0.79,0.85,0.67
567,2020-07-01,Newham,12663,0.000547645125958379,5.0,20.0,0.55,0.14,0.34,0.73,0.71,0.79,0.79,0.66
568,2020-07-01,Redbridge,8404,0.0003285870755750274,3.0,16.0,0.53,0.21,0.35,0.7,0.65,0.82,0.84,0.7
569,2020-07-01,Richmond upon Thames,5130,0.0004381161007667032,4.0,22.0,0.67,0.15,0.42,0.73,0.68,0.82,0.85,0.69
570,2020-07-01,Southwark,13067,0.000547645125958379,5.0,22.0,0.62,0.14,0.33,0.75,0.68,0.75,0.86,0.75
571,2020-07-01,Sutton,4440,0.0002190580503833516,2.0,22.0,0.7,0.17,0.44,0.74,0.76,0.86,0.89,0.71
572,2020-07-01,Tower Hamlets,14747,0.000547645125958379,5.0,22.0,0.52,0.11,0.33,0.66,0.66,0.75,0.84,0.64
573,2020-07-01,Waltham Forest,9111,0.0007667031763417306,7.0,28.0,0.5,0.19,0.37,0.6,0.64,0.69,0.79,0.56
574,2020-07-01,Wandsworth,9894,0.0007667031763417306,7.0,16.0,0.58,0.15,0.33,0.73,0.67,0.8,0.8,0.67
575,2020-07-01,City of Westminster,17386,0.0009857612267250822,9.0,32.0,0.69,0.15,0.41,0.79,0.74,0.75,0.89,0.76
576,2020-10-01,Barking and Dagenham,6559,0.000547645125958379,5.0,19.0,0.59,0.18,0.35,0.7,0.71,0.73,0.85,0.75
577,2020-10-01,Barnet,10135,0.0003285870755750274,3.0,14.0,0.6,0.21,0.44,0.77,0.73,0.79,0.88,0.73
578,2020-10-01,Bexley,5407,0.0001095290251916758,1.0,9.0,0.56,0.27,0.43,0.72,0.61,0.83,0.9,0.68
579,2020-10-01,Brent,10495,0.000547645125958379,5.0,20.0,0.57,0.16,0.51,0.79,0.73,0.81,0.81,0.79
580,2020-10-01,Bromley,7741,0.0002190580503833516,2.0,16.0,0.64,0.23,0.52,0.73,0.68,0.82,0.89,0.69
581,2020-10-01,Camden,10050,0.000547645125958379,5.0,27.0,0.59,0.15,0.34,0.61,0.65,0.63,0.76,0.59
582,2020-10-01,Croydon,10867,0.0008762322015334064,8.0,15.0,0.49,0.17,0.44,0.56,0.59,0.65,0.76,0.56
583,2020-10-01,Ealing,10925,0.0001095290251916758,1.0,11.0,0.6,0.19,0.51,0.7,0.74,0.81,0.88,0.71
584,2020-10-01,Enfield,10400,0.0006571741511500548,6.0,21.0,0.51,0.2,0.37,0.63,0.61,0.7,0.78,0.59
585,2020-10-01,Greenwich,8446,0.0004381161007667032,4.0,12.0,0.56,0.18,0.37,0.72,0.67,0.76,0.82,0.7
586,2020-10-01,Hackney,11457,0.0004381161007667032,4.0,20.0,0.47,0.16,0.27,0.57,0.56,0.56,0.73,0.55
587,2020-10-01,Hammersmith and Fulham,6915,0.0008762322015334063,8.0,20.0,0.62,0.13,0.44,0.7,0.73,0.77,0.84,0.73
588,2020-10-01,Haringey,10442,0.0004381161007667032,4.0,24.0,0.48,0.15,0.34,0.64,0.62,0.63,0.78,0.6
589,2020-10-01,Harrow,5777,0.0006571741511500548,6.0,19.0,0.58,0.15,0.51,0.74,0.71,0.82,0.86,0.74
590,2020-10-01,Havering,6018,0.0001095290251916758,1.0,18.0,0.66,0.19,0.38,0.74,0.67,0.83,0.84,0.71
591,2020-10-01,Hillingdon,9139,0.0001095290251916758,1.0,11.0,0.55,0.21,0.41,0.57,0.61,0.8,0.82,0.6
592,2020-10-01,Hounslow,8605,0.0002190580503833516,2.0,14.0,0.59,0.22,0.52,0.72,0.75,0.8,0.84,0.68
593,2020-10-01,Islington,9110,0.0013143483023001095,12.0,19.0,0.54,0.17,0.36,0.6,0.7,0.6,0.76,0.56
594,2020-10-01,Kensington and Chelsea,6824,0.0013143483023001095,12.0,26.0,0.7,0.21,0.41,0.79,0.8,0.81,0.85,0.8
595,2020-10-01,Kingston upon Thames,3872,0.0004381161007667032,4.0,18.0,0.64,0.23,0.47,0.74,0.69,0.81,0.87,0.73
596,2020-10-01,Lambeth,11600,0.0003285870755750274,3.0,15.0,0.54,0.14,0.29,0.62,0.64,0.57,0.75,0.58
597,2020-10-01,Lewisham,9218,0.0007667031763417306,7.0,26.0,0.57,0.15,0.3,0.62,0.61,0.58,0.69,0.61
598,2020-10-01,Merton,4643,0.0004381161007667032,4.0,15.0,0.66,0.19,0.39,0.71,0.72,0.73,0.83,0.67
599,2020-10-01,Newham,12101,0.0003285870755750274,3.0,17.0,0.53,0.16,0.36,0.69,0.66,0.77,0.77,0.63
600,2020-10-01,Redbridge,8394,0.0007667031763417306,7.0,17.0,0.49,0.26,0.37,0.72,0.67,0.8,0.83,0.73
601,2020-10-01,Richmond upon Thames,4359,0.0006571741511500548,6.0,24.0,0.65,0.19,0.49,0.75,0.66,0.83,0.85,0.73
602,2020-10-01,Southwark,11580,0.0001095290251916758,1.0,13.0,0.6,0.18,0.33,0.73,0.66,0.71,0.82,0.71
603,2020-10-01,Sutton,4474,0.0003285870755750274,3.0,17.0,0.67,0.22,0.47,0.75,0.76,0.84,0.89,0.74
604,2020-10-01,Tower Hamlets,13405,0.0008762322015334064,8.0,28.0,0.51,0.14,0.36,0.66,0.65,0.71,0.84,0.65
605,2020-10-01,Waltham Forest,8331,0.000547645125958379,5.0,13.0,0.52,0.23,0.44,0.66,0.66,0.68,0.8,0.61
606,2020-10-01,Wandsworth,9334,0.0004381161007667032,4.0,18.0,0.59,0.17,0.37,0.72,0.67,0.77,0.81,0.66
607,2020-10-01,City of Westminster,15460,0.000547645125958379,5.0,20.0,0.62,0.19,0.41,0.75,0.69,0.72,0.86,0.69
608,2021-01-01,Barking and Dagenham,5952,0.0003285870755750274,3.0,15.0,0.53,0.21,0.38,0.68,0.67,0.69,0.84,0.72
609,2021-01-01,Barnet,9685,0.0008762322015334064,8.0,18.0,0.53,0.23,0.43,0.74,0.7,0.74,0.84,0.7
610,2021-01-01,Bexley,4970,0.0,0.0,12.0,0.59,0.31,0.5,0.77,0.66,0.83,0.89,0.75
611,2021-01-01,Brent,9680,0.0007667031763417306,7.0,19.0,0.57,0.2,0.48,0.77,0.68,0.76,0.81,0.76
612,2021-01-01,Bromley,7194,0.0003285870755750274,3.0,15.0,0.67,0.24,0.54,0.76,0.72,0.81,0.89,0.7
613,2021-01-01,Camden,8363,0.0004381161007667032,4.0,15.0,0.56,0.16,0.36,0.61,0.62,0.61,0.74,0.58
614,2021-01-01,Croydon,10673,0.0004381161007667032,4.0,10.0,0.5,0.19,0.42,0.57,0.63,0.63,0.75,0.58
615,2021-01-01,Ealing,9679,0.00032858707557502744,3.0,18.0,0.62,0.23,0.5,0.69,0.72,0.79,0.86,0.7
616,2021-01-01,Enfield,9584,0.0001095290251916758,1.0,14.0,0.54,0.22,0.38,0.65,0.62,0.68,0.77,0.61
617,2021-01-01,Greenwich,8236,0.0002190580503833516,2.0,10.0,0.55,0.18,0.34,0.7,0.67,0.71,0.79,0.69
618,2021-01-01,Hackney,10015,0.0009857612267250822,9.0,17.0,0.45,0.2,0.31,0.58,0.58,0.6,0.72,0.59
619,2021-01-01,Hammersmith and Fulham,6366,0.0002190580503833516,2.0,8.0,0.63,0.18,0.42,0.7,0.69,0.72,0.82,0.7
620,2021-01-01,Haringey,9680,0.0002190580503833516,2.0,18.0,0.5,0.15,0.37,0.68,0.64,0.66,0.8,0.66
621,2021-01-01,Harrow,4991,0.000547645125958379,5.0,20.0,0.59,0.19,0.48,0.74,0.69,0.81,0.84,0.74
622,2021-01-01,Havering,5683,0.0007667031763417306,7.0,15.0,0.64,0.2,0.43,0.73,0.67,0.83,0.85,0.71
623,2021-01-01,Hillingdon,8577,0.0003285870755750274,3.0,10.0,0.58,0.23,0.45,0.63,0.65,0.83,0.84,0.67
624,2021-01-01,Hounslow,7813,0.0008762322015334064,8.0,22.0,0.57,0.24,0.52,0.7,0.69,0.77,0.84,0.67
625,2021-01-01,Islington,7930,0.0006571741511500548,6.0,16.0,0.57,0.19,0.42,0.67,0.71,0.6,0.77,0.62
626,2021-01-01,Kensington and Chelsea,5664,0.0004381161007667032,4.0,17.0,0.67,0.28,0.45,0.75,0.73,0.75,0.78,0.72
627,2021-01-01,Kingston upon Thames,3334,0.0004381161007667032,4.0,11.0,0.63,0.28,0.49,0.74,0.66,0.79,0.86,0.74
628,2021-01-01,Lambeth,10388,0.0006571741511500548,6.0,23.0,0.53,0.16,0.29,0.58,0.64,0.53,0.73,0.55
629,2021-01-01,Lewisham,8659,0.0006571741511500548,6.0,19.0,0.53,0.17,0.31,0.57,0.59,0.56,0.65,0.58
630,2021-01-01,Merton,4373,0.00032858707557502744,3.0,14.0,0.64,0.26,0.46,0.71,0.69,0.72,0.8,0.68
631,2021-01-01,Newham,10808,0.000547645125958379,5.0,15.0,0.49,0.19,0.39,0.69,0.68,0.78,0.79,0.68
632,2021-01-01,Redbridge,7903,0.0008762322015334064,8.0,21.0,0.48,0.29,0.39,0.72,0.65,0.8,0.83,0.74
633,2021-01-01,Richmond upon Thames,3895,0.0002190580503833516,2.0,13.0,0.61,0.25,0.52,0.77,0.68,0.79,0.86,0.75
634,2021-01-01,Southwark,10385,0.0006571741511500548,6.0,18.0,0.58,0.23,0.34,0.69,0.65,0.64,0.8,0.65
635,2021-01-01,Sutton,3951,0.0002190580503833516,2.0,9.0,0.64,0.28,0.47,0.75,0.74,0.8,0.86,0.75
636,2021-01-01,Tower Hamlets,12433,0.0006571741511500548,6.0,15.0,0.46,0.14,0.35,0.65,0.65,0.68,0.83,0.62
637,2021-01-01,Waltham Forest,7830,0.0002190580503833516,2.0,18.0,0.55,0.25,0.42,0.66,0.64,0.67,0.79,0.62
638,2021-01-01,Wandsworth,9023,0.0007667031763417306,7.0,13.0,0.57,0.18,0.42,0.72,0.68,0.7,0.79,0.7
639,2021-01-01,City of Westminster,10421,0.0006571741511500548,6.0,15.0,0.58,0.22,0.43,0.7,0.67,0.71,0.84,0.68
